Workbook
Name TABLA_REV: [1]!Tabla2[#All]

Sheet Resumen Ejecutivo
B1: RC | C1: Control Maestro · Reforma Curricular | O1: 📅 13 marzo 2026 | P1: Todas las facultades
P2: Facultad de Sociedad, Cultura y Creatividad
B3: 🔽 FILTRAR | C3: Híbrido | E3: Facultad de Negocios, Gestión y Sostenibilidad | H3: Todos los periodos | I3: ✕ Limpiar: seleccione 'Todas las...' en cada filtro | M3: {=CONCATENATE("Mostrando ",TEXT(SUMPRODUCT(((('Resumen Ejecutivo'!C3="Todas las modalidades")+(Maestro!F11:F70='Resumen Ejecutivo'!C3)>0)*(('Resumen Ejecutivo'!E3="Todas las facultades")+(Maestro!C11:C70='Resumen Ejecutivo'!E3)>0)*(('Resumen Ejecutivo'!H3="Todos los periodos")+(Maestro!BV11:BV70='Resumen Ejecutivo'!H3)>0))),"0")," de 60 programas")} -> Mostrando 0 de 60 programas | P3: Facultad de Ingeniería, Diseño e Innovación
P4: Facultad de Negocios, Gestión y Sostenibilidad
P6: Todos los periodos
B7: RESUMEN GENERAL | D7: Vicerrectoría Académica — Etapas según hoja Estructura | P7: Ya está en oferta
P8: 2026-2
B9: {=SUMPRODUCT(((('Resumen Ejecutivo'!C3="Todas las modalidades")+(Maestro!F11:F70='Resumen Ejecutivo'!C3)>0)*(('Resumen Ejecutivo'!E3="Todas las facultades")+(Maestro!C11:C70='Resumen Ejecutivo'!E3)>0)*(('Resumen Ejecutivo'!H3="Todos los periodos")+(Maestro!BV11:BV70='Resumen Ejecutivo'!H3)>0)))} -> 0 | D9: {=(IFERROR(ROUND(SUMPRODUCT(((('Resumen Ejecutivo'!C3="Todas las modalidades")+(Maestro!F11:F70='Resumen Ejecutivo'!C3)>0)*(('Resumen Ejecutivo'!E3="Todas las facultades")+(Maestro!C11:C70='Resumen Ejecutivo'!E3)>0)*(('Resumen Ejecutivo'!H3="Todos los periodos")+(Maestro!BV11:BV70='Resumen Ejecutivo'!H3)>0))*((ISNUMBER(SEARCH("finalizado",Maestro!J11:J70))*1)+(ISNUMBER(SEARCH("finalizado",Maestro!Y11:Y70))*1)+((ISNUMBER(SEARCH("finalizado",Maestro!AB11:AB70))+ISNUMBER(SEARCH("resolución",Maestro!AB11:AB70))+ISNUMBER(SEARCH("aprobado",Maestro!AB11:AB70))+ISNUMBER(SEARCH("notificado",Maestro!AB11:AB70))>0)*1)+((NOT(ISNUMBER(SEARCH("sin iniciar",Maestro!AI11:AI70)))*NOT(ISNUMBER(SEARCH("no aplica",Maestro!AI11:AI70)))*(Maestro!AI11:AI70<>""))*1)+((ISNUMBER(Maestro!AQ11:AQ70)*(Maestro!AQ11:AQ70>=1)))+((ISNUMBER(Maestro!AZ11:AZ70)*(Maestro!AZ11:AZ70>=1)))+((ISNUMBER(Maestro!BG11:BG70)*(Maestro!BG11:BG70>=1)))+((ISNUMBER(Maestro!BL11:BL70)*(Maestro!BL11:BL70>=1)))+(ISNUMBER(SEARCH("en proceso",Maestro!J11:J70))*1)*0.5+(ISNUMBER(SEARCH("en proceso",Maestro!Y11:Y70))*1)*0.5+((ISNUMBER(SEARCH("evaluación",Maestro!AB11:AB70))+ISNUMBER(SEARCH("elaboración",Maestro!AB11:AB70))+ISNUMBER(SEARCH("pares",Maestro!AB11:AB70))>0)*1)*0.5+(0)*0.5+((ISNUMBER(Maestro!AQ11:AQ70)*(Maestro!AQ11:AQ70>0)*(Maestro!AQ11:AQ70<1)))*0.5+((ISNUMBER(Maestro!AZ11:AZ70)*(Maestro!AZ11:AZ70>0)*(Maestro!AZ11:AZ70<1)))*0.5+((ISNUMBER(Maestro!BG11:BG70)*(Maestro!BG11:BG70>0)*(Maestro!BG11:BG70<1)))*0.5+((ISNUMBER(Maestro!BL11:BL70)*(Maestro!BL11:BL70>0)*(Maestro!BL11:BL70<1)))*0.5))/(SUMPRODUCT(((('Resumen Ejecutivo'!C3="Todas las modalidades")+(Maestro!F11:F70='Resumen Ejecutivo'!C3)>0)*(('Resumen Ejecutivo'!E3="Todas las facultades")+(Maestro!C11:C70='Resumen Ejecutivo'!E3)>0)*(('Resumen Ejecutivo'!H3="Todos los periodos")+(Maestro!BV11:BV70='Resumen Ejecutivo'!H3)>0)))*8)*100,0),0)&"%")} -> 0% | F9: {=IFERROR(SUMPRODUCT(((('Resumen Ejecutivo'!C3="Todas las modalidades")+(Maestro!F11:F70='Resumen Ejecutivo'!C3)>0)*(('Resumen Ejecutivo'!E3="Todas las facultades")+(Maestro!C11:C70='Resumen Ejecutivo'!E3)>0)*(('Resumen Ejecutivo'!H3="Todos los periodos")+(Maestro!BV11:BV70='Resumen Ejecutivo'!H3)>0))*((ISNUMBER(SEARCH("finalizado",Maestro!J11:J70))*1+ISNUMBER(SEARCH("no aplica",Maestro!J11:J70))*1)+(ISNUMBER(SEARCH("finalizado",Maestro!Y11:Y70))*1+ISNUMBER(SEARCH("no aplica",Maestro!Y11:Y70))*1)+((ISNUMBER(SEARCH("finalizado",Maestro!AB11:AB70))+ISNUMBER(SEARCH("resolución",Maestro!AB11:AB70))+ISNUMBER(SEARCH("aprobado",Maestro!AB11:AB70))+ISNUMBER(SEARCH("notificado",Maestro!AB11:AB70))>0)*1+ISNUMBER(SEARCH("no aplica",Maestro!AB11:AB70))*1)+((NOT(ISNUMBER(SEARCH("sin iniciar",Maestro!AI11:AI70)))*NOT(ISNUMBER(SEARCH("no aplica",Maestro!AI11:AI70)))*(Maestro!AI11:AI70<>""))*1+ISNUMBER(SEARCH("no aplica",Maestro!AI11:AI70))*1)+((ISNUMBER(Maestro!AQ11:AQ70)*(Maestro!AQ11:AQ70>=1))+ISNUMBER(SEARCH("no aplica",Maestro!AQ11:AQ70))*1)+((ISNUMBER(Maestro!AZ11:AZ70)*(Maestro!AZ11:AZ70>=1))+ISNUMBER(SEARCH("no aplica",Maestro!AZ11:AZ70))*1)+((ISNUMBER(Maestro!BG11:BG70)*(Maestro!BG11:BG70>=1))+ISNUMBER(SEARCH("no aplica",Maestro!BG11:BG70))*1)+((ISNUMBER(Maestro!BL11:BL70)*(Maestro!BL11:BL70>=1))+ISNUMBER(SEARCH("no aplica",Maestro!BL11:BL70))*1))),0)} -> 0 | H9: {=IFERROR(SUMPRODUCT(((('Resumen Ejecutivo'!C3="Todas las modalidades")+(Maestro!F11:F70='Resumen Ejecutivo'!C3)>0)*(('Resumen Ejecutivo'!E3="Todas las facultades")+(Maestro!C11:C70='Resumen Ejecutivo'!E3)>0)*(('Resumen Ejecutivo'!H3="Todos los periodos")+(Maestro!BV11:BV70='Resumen Ejecutivo'!H3)>0))*((ISNUMBER(SEARCH("en proceso",Maestro!J11:J70))*1)+(ISNUMBER(SEARCH("en proceso",Maestro!Y11:Y70))*1)+((ISNUMBER(SEARCH("evaluación",Maestro!AB11:AB70))+ISNUMBER(SEARCH("elaboración",Maestro!AB11:AB70))+ISNUMBER(SEARCH("pares",Maestro!AB11:AB70))>0)*1)+(0)+((ISNUMBER(Maestro!AQ11:AQ70)*(Maestro!AQ11:AQ70>0)*(Maestro!AQ11:AQ70<1)))+((ISNUMBER(Maestro!AZ11:AZ70)*(Maestro!AZ11:AZ70>0)*(Maestro!AZ11:AZ70<1)))+((ISNUMBER(Maestro!BG11:BG70)*(Maestro!BG11:BG70>0)*(Maestro!BG11:BG70<1)))+((ISNUMBER(Maestro!BL11:BL70)*(Maestro!BL11:BL70>0)*(Maestro!BL11:BL70<1))))),0)} -> 0 | J9: {=IFERROR(SUMPRODUCT(((('Resumen Ejecutivo'!C3="Todas las modalidades")+(Maestro!F11:F70='Resumen Ejecutivo'!C3)>0)*(('Resumen Ejecutivo'!E3="Todas las facultades")+(Maestro!C11:C70='Resumen Ejecutivo'!E3)>0)*(('Resumen Ejecutivo'!H3="Todos los periodos")+(Maestro!BV11:BV70='Resumen Ejecutivo'!H3)>0)))*8-SUMPRODUCT(((('Resumen Ejecutivo'!C3="Todas las modalidades")+(Maestro!F11:F70='Resumen Ejecutivo'!C3)>0)*(('Resumen Ejecutivo'!E3="Todas las facultades")+(Maestro!C11:C70='Resumen Ejecutivo'!E3)>0)*(('Resumen Ejecutivo'!H3="Todos los periodos")+(Maestro!BV11:BV70='Resumen Ejecutivo'!H3)>0))*((ISNUMBER(SEARCH("finalizado",Maestro!J11:J70))*1+ISNUMBER(SEARCH("no aplica",Maestro!J11:J70))*1)+(ISNUMBER(SEARCH("finalizado",Maestro!Y11:Y70))*1+ISNUMBER(SEARCH("no aplica",Maestro!Y11:Y70))*1)+((ISNUMBER(SEARCH("finalizado",Maestro!AB11:AB70))+ISNUMBER(SEARCH("resolución",Maestro!AB11:AB70))+ISNUMBER(SEARCH("aprobado",Maestro!AB11:AB70))+ISNUMBER(SEARCH("notificado",Maestro!AB11:AB70))>0)*1+ISNUMBER(SEARCH("no aplica",Maestro!AB11:AB70))*1)+((NOT(ISNUMBER(SEARCH("sin iniciar",Maestro!AI11:AI70)))*NOT(ISNUMBER(SEARCH("no aplica",Maestro!AI11:AI70)))*(Maestro!AI11:AI70<>""))*1+ISNUMBER(SEARCH("no aplica",Maestro!AI11:AI70))*1)+((ISNUMBER(Maestro!AQ11:AQ70)*(Maestro!AQ11:AQ70>=1))+ISNUMBER(SEARCH("no aplica",Maestro!AQ11:AQ70))*1)+((ISNUMBER(Maestro!AZ11:AZ70)*(Maestro!AZ11:AZ70>=1))+ISNUMBER(SEARCH("no aplica",Maestro!AZ11:AZ70))*1)+((ISNUMBER(Maestro!BG11:BG70)*(Maestro!BG11:BG70>=1))+ISNUMBER(SEARCH("no aplica",Maestro!BG11:BG70))*1)+((ISNUMBER(Maestro!BL11:BL70)*(Maestro!BL11:BL70>=1))+ISNUMBER(SEARCH("no aplica",Maestro!BL11:BL70))*1)))-SUMPRODUCT(((('Resumen Ejecutivo'!C3="Todas las modalidades")+(Maestro!F11:F70='Resumen Ejecutivo'!C3)>0)*(('Resumen Ejecutivo'!E3="Todas las facultades")+(Maestro!C11:C70='Resumen Ejecutivo'!E3)>0)*(('Resumen Ejecutivo'!H3="Todos los periodos")+(Maestro!BV11:BV70='Resumen Ejecutivo'!H3)>0))*((ISNUMBER(SEARCH("en proceso",Maestro!J11:J70))*1)+(ISNUMBER(SEARCH("en proceso",Maestro!Y11:Y70))*1)+((ISNUMBER(SEARCH("evaluación",Maestro!AB11:AB70))+ISNUMBER(SEARCH("elaboración",Maestro!AB11:AB70))+ISNUMBER(SEARCH("pares",Maestro!AB11:AB70))>0)*1)+(0)+((ISNUMBER(Maestro!AQ11:AQ70)*(Maestro!AQ11:AQ70>0)*(Maestro!AQ11:AQ70<1)))+((ISNUMBER(Maestro!AZ11:AZ70)*(Maestro!AZ11:AZ70>0)*(Maestro!AZ11:AZ70<1)))+((ISNUMBER(Maestro!BG11:BG70)*(Maestro!BG11:BG70>0)*(Maestro!BG11:BG70<1)))+((ISNUMBER(Maestro!BL11:BL70)*(Maestro!BL11:BL70>0)*(Maestro!BL11:BL70<1))))),0)} -> 0 | L9: {=IFERROR(SUMPRODUCT(((('Resumen Ejecutivo'!C3="Todas las modalidades")+(Maestro!F11:F70='Resumen Ejecutivo'!C3)>0)*(('Resumen Ejecutivo'!E3="Todas las facultades")+(Maestro!C11:C70='Resumen Ejecutivo'!E3)>0)*(('Resumen Ejecutivo'!H3="Todos los periodos")+(Maestro!BV11:BV70='Resumen Ejecutivo'!H3)>0))*(((ISNUMBER(SEARCH("finalizado",Maestro!J11:J70))*1)+(ISNUMBER(SEARCH("finalizado",Maestro!Y11:Y70))*1)+((ISNUMBER(SEARCH("finalizado",Maestro!AB11:AB70))+ISNUMBER(SEARCH("resolución",Maestro!AB11:AB70))+ISNUMBER(SEARCH("aprobado",Maestro!AB11:AB70))+ISNUMBER(SEARCH("notificado",Maestro!AB11:AB70))>0)*1)+((NOT(ISNUMBER(SEARCH("sin iniciar",Maestro!AI11:AI70)))*NOT(ISNUMBER(SEARCH("no aplica",Maestro!AI11:AI70)))*(Maestro!AI11:AI70<>""))*1)+((ISNUMBER(Maestro!AQ11:AQ70)*(Maestro!AQ11:AQ70>=1)))+((ISNUMBER(Maestro!AZ11:AZ70)*(Maestro!AZ11:AZ70>=1)))+((ISNUMBER(Maestro!BG11:BG70)*(Maestro!BG11:BG70>=1)))+((ISNUMBER(Maestro!BL11:BL70)*(Maestro!BL11:BL70>=1)))+(ISNUMBER(SEARCH("en proceso",Maestro!J11:J70))*1)*0.5+(ISNUMBER(SEARCH("en proceso",Maestro!Y11:Y70))*1)*0.5+((ISNUMBER(SEARCH("evaluación",Maestro!AB11:AB70))+ISNUMBER(SEARCH("elaboración",Maestro!AB11:AB70))+ISNUMBER(SEARCH("pares",Maestro!AB11:AB70))>0)*1)*0.5+(0)*0.5+((ISNUMBER(Maestro!AQ11:AQ70)*(Maestro!AQ11:AQ70>0)*(Maestro!AQ11:AQ70<1)))*0.5+((ISNUMBER(Maestro!AZ11:AZ70)*(Maestro!AZ11:AZ70>0)*(Maestro!AZ11:AZ70<1)))*0.5+((ISNUMBER(Maestro!BG11:BG70)*(Maestro!BG11:BG70>0)*(Maestro!BG11:BG70<1)))*0.5+((ISNUMBER(Maestro!BL11:BL70)*(Maestro!BL11:BL70>0)*(Maestro!BL11:BL70<1)))*0.5)<2.4)),0)} -> 0 | P9: 2027-1
P10: 2027-2
B13: AVANCE POR ETAPA — 8 procesos según hoja Estructura · 60 programas
B14: {=CONCATENATE("AVANCE POR ETAPA — 8 procesos según hoja Estructura · ",TEXT(SUMPRODUCT(((('Resumen Ejecutivo'!C3="Todas las modalidades")+(Maestro!F11:F70='Resumen Ejecutivo'!C3)>0)*(('Resumen Ejecutivo'!E3="Todas las facultades")+(Maestro!C11:C70='Resumen Ejecutivo'!E3)>0)*(('Resumen Ejecutivo'!H3="Todos los periodos")+(Maestro!BV11:BV70='Resumen Ejecutivo'!H3)>0))),"0")," programas")} -> AVANCE POR ETAPA — 8 procesos según hoja Estructura · 0 programas
B15: GESTIÓN ACADÉMICA | D15: {=IFERROR(ROUND((SUMPRODUCT(((('Resumen Ejecutivo'!C3="Todas las modalidades")+(Maestro!F11:F70='Resumen Ejecutivo'!C3)>0)*(('Resumen Ejecutivo'!E3="Todas las facultades")+(Maestro!C11:C70='Resumen Ejecutivo'!E3)>0)*(('Resumen Ejecutivo'!H3="Todos los periodos")+(Maestro!BV11:BV70='Resumen Ejecutivo'!H3)>0))*ISNUMBER(SEARCH("finalizado",Maestro!J11:J70))*1)+(SUMPRODUCT(((('Resumen Ejecutivo'!C3="Todas las modalidades")+(Maestro!F11:F70='Resumen Ejecutivo'!C3)>0)*(('Resumen Ejecutivo'!E3="Todas las facultades")+(Maestro!C11:C70='Resumen Ejecutivo'!E3)>0)*(('Resumen Ejecutivo'!H3="Todos los periodos")+(Maestro!BV11:BV70='Resumen Ejecutivo'!H3)>0))*ISNUMBER(SEARCH("en proceso",Maestro!J11:J70))*1))*0.5)/SUMPRODUCT(((('Resumen Ejecutivo'!C3="Todas las modalidades")+(Maestro!F11:F70='Resumen Ejecutivo'!C3)>0)*(('Resumen Ejecutivo'!E3="Todas las facultades")+(Maestro!C11:C70='Resumen Ejecutivo'!E3)>0)*(('Resumen Ejecutivo'!H3="Todos los periodos")+(Maestro!BV11:BV70='Resumen Ejecutivo'!H3)>0)))*100,0),0)} -> 0 | E15: GESTIÓN FINANCIERA | G15: {=IFERROR(ROUND((SUMPRODUCT(((('Resumen Ejecutivo'!C3="Todas las modalidades")+(Maestro!F11:F70='Resumen Ejecutivo'!C3)>0)*(('Resumen Ejecutivo'!E3="Todas las facultades")+(Maestro!C11:C70='Resumen Ejecutivo'!E3)>0)*(('Resumen Ejecutivo'!H3="Todos los periodos")+(Maestro!BV11:BV70='Resumen Ejecutivo'!H3)>0))*ISNUMBER(SEARCH("finalizado",Maestro!Y11:Y70))*1)+(SUMPRODUCT(((('Resumen Ejecutivo'!C3="Todas las modalidades")+(Maestro!F11:F70='Resumen Ejecutivo'!C3)>0)*(('Resumen Ejecutivo'!E3="Todas las facultades")+(Maestro!C11:C70='Resumen Ejecutivo'!E3)>0)*(('Resumen Ejecutivo'!H3="Todos los periodos")+(Maestro!BV11:BV70='Resumen Ejecutivo'!H3)>0))*ISNUMBER(SEARCH("en proceso",Maestro!Y11:Y70))*1))*0.5)/SUMPRODUCT(((('Resumen Ejecutivo'!C3="Todas las modalidades")+(Maestro!F11:F70='Resumen Ejecutivo'!C3)>0)*(('Resumen Ejecutivo'!E3="Todas las facultades")+(Maestro!C11:C70='Resumen Ejecutivo'!E3)>0)*(('Resumen Ejecutivo'!H3="Todos los periodos")+(Maestro!BV11:BV70='Resumen Ejecutivo'!H3)>0)))*100,0),0)} -> 0 | H15: ASEGURAMIENTO CALIDAD | J15: {=IFERROR(ROUND((SUMPRODUCT(((('Resumen Ejecutivo'!C3="Todas las modalidades")+(Maestro!F11:F70='Resumen Ejecutivo'!C3)>0)*(('Resumen Ejecutivo'!E3="Todas las facultades")+(Maestro!C11:C70='Resumen Ejecutivo'!E3)>0)*(('Resumen Ejecutivo'!H3="Todos los periodos")+(Maestro!BV11:BV70='Resumen Ejecutivo'!H3)>0))*(ISNUMBER(SEARCH("resolución",Maestro!AB11:AB70))+ISNUMBER(SEARCH("aprobado",Maestro!AB11:AB70))+ISNUMBER(SEARCH("notificado",Maestro!AB11:AB70))>0)*1)+(SUMPRODUCT(((('Resumen Ejecutivo'!C3="Todas las modalidades")+(Maestro!F11:F70='Resumen Ejecutivo'!C3)>0)*(('Resumen Ejecutivo'!E3="Todas las facultades")+(Maestro!C11:C70='Resumen Ejecutivo'!E3)>0)*(('Resumen Ejecutivo'!H3="Todos los periodos")+(Maestro!BV11:BV70='Resumen Ejecutivo'!H3)>0))*(ISNUMBER(SEARCH("evaluación",Maestro!AB11:AB70))+ISNUMBER(SEARCH("elaboración",Maestro!AB11:AB70))+ISNUMBER(SEARCH("pares",Maestro!AB11:AB70))+ISNUMBER(SEARCH("completitud",Maestro!AB11:AB70))>0)*1))*0.5)/SUMPRODUCT(((('Resumen Ejecutivo'!C3="Todas las modalidades")+(Maestro!F11:F70='Resumen Ejecutivo'!C3)>0)*(('Resumen Ejecutivo'!E3="Todas las facultades")+(Maestro!C11:C70='Resumen Ejecutivo'!E3)>0)*(('Resumen Ejecutivo'!H3="Todos los periodos")+(Maestro!BV11:BV70='Resumen Ejecutivo'!H3)>0)))*100,0),0)} -> 0 | K15: GER. PLANEACIÓN | M15: {=IFERROR(ROUND((SUMPRODUCT(((('Resumen Ejecutivo'!C3="Todas las modalidades")+(Maestro!F11:F70='Resumen Ejecutivo'!C3)>0)*(('Resumen Ejecutivo'!E3="Todas las facultades")+(Maestro!C11:C70='Resumen Ejecutivo'!E3)>0)*(('Resumen Ejecutivo'!H3="Todos los periodos")+(Maestro!BV11:BV70='Resumen Ejecutivo'!H3)>0))*(NOT(ISNUMBER(SEARCH("sin iniciar",Maestro!AI11:AI70)))*NOT(ISNUMBER(SEARCH("no aplica",Maestro!AI11:AI70)))*(Maestro!AI11:AI70<>"")*1))+(0)*0.5)/SUMPRODUCT(((('Resumen Ejecutivo'!C3="Todas las modalidades")+(Maestro!F11:F70='Resumen Ejecutivo'!C3)>0)*(('Resumen Ejecutivo'!E3="Todas las facultades")+(Maestro!C11:C70='Resumen Ejecutivo'!E3)>0)*(('Resumen Ejecutivo'!H3="Todos los periodos")+(Maestro!BV11:BV70='Resumen Ejecutivo'!H3)>0)))*100,0),0)} -> 0
B17: {=CONCATENATE("✔ ",TEXT(SUMPRODUCT(((('Resumen Ejecutivo'!C3="Todas las modalidades")+(Maestro!F11:F70='Resumen Ejecutivo'!C3)>0)*(('Resumen Ejecutivo'!E3="Todas las facultades")+(Maestro!C11:C70='Resumen Ejecutivo'!E3)>0)*(('Resumen Ejecutivo'!H3="Todos los periodos")+(Maestro!BV11:BV70='Resumen Ejecutivo'!H3)>0))*ISNUMBER(SEARCH("finalizado",Maestro!J11:J70))*1),"0")," Final. ◑ ",TEXT(SUMPRODUCT(((('Resumen Ejecutivo'!C3="Todas las modalidades")+(Maestro!F11:F70='Resumen Ejecutivo'!C3)>0)*(('Resumen Ejecutivo'!E3="Todas las facultades")+(Maestro!C11:C70='Resumen Ejecutivo'!E3)>0)*(('Resumen Ejecutivo'!H3="Todos los periodos")+(Maestro!BV11:BV70='Resumen Ejecutivo'!H3)>0))*ISNUMBER(SEARCH("en proceso",Maestro!J11:J70))*1),"0")," En proc. ○ ",TEXT(SUMPRODUCT(((('Resumen Ejecutivo'!C3="Todas las modalidades")+(Maestro!F11:F70='Resumen Ejecutivo'!C3)>0)*(('Resumen Ejecutivo'!E3="Todas las facultades")+(Maestro!C11:C70='Resumen Ejecutivo'!E3)>0)*(('Resumen Ejecutivo'!H3="Todos los periodos")+(Maestro!BV11:BV70='Resumen Ejecutivo'!H3)>0)))-SUMPRODUCT(((('Resumen Ejecutivo'!C3="Todas las modalidades")+(Maestro!F11:F70='Resumen Ejecutivo'!C3)>0)*(('Resumen Ejecutivo'!E3="Todas las facultades")+(Maestro!C11:C70='Resumen Ejecutivo'!E3)>0)*(('Resumen Ejecutivo'!H3="Todos los periodos")+(Maestro!BV11:BV70='Resumen Ejecutivo'!H3)>0))*ISNUMBER(SEARCH("finalizado",Maestro!J11:J70))*1)-SUMPRODUCT(((('Resumen Ejecutivo'!C3="Todas las modalidades")+(Maestro!F11:F70='Resumen Ejecutivo'!C3)>0)*(('Resumen Ejecutivo'!E3="Todas las facultades")+(Maestro!C11:C70='Resumen Ejecutivo'!E3)>0)*(('Resumen Ejecutivo'!H3="Todos los periodos")+(Maestro!BV11:BV70='Resumen Ejecutivo'!H3)>0))*ISNUMBER(SEARCH("en proceso",Maestro!J11:J70))*1)-SUMPRODUCT(((('Resumen Ejecutivo'!C3="Todas las modalidades")+(Maestro!F11:F70='Resumen Ejecutivo'!C3)>0)*(('Resumen Ejecutivo'!E3="Todas las facultades")+(Maestro!C11:C70='Resumen Ejecutivo'!E3)>0)*(('Resumen Ejecutivo'!H3="Todos los periodos")+(Maestro!BV11:BV70='Resumen Ejecutivo'!H3)>0))*ISNUMBER(SEARCH("no aplica",Maestro!J11:J70))*1),"0")," Sin inic. — ",TEXT(SUMPRODUCT(((('Resumen Ejecutivo'!C3="Todas las modalidades")+(Maestro!F11:F70='Resumen Ejecutivo'!C3)>0)*(('Resumen Ejecutivo'!E3="Todas las facultades")+(Maestro!C11:C70='Resumen Ejecutivo'!E3)>0)*(('Resumen Ejecutivo'!H3="Todos los periodos")+(Maestro!BV11:BV70='Resumen Ejecutivo'!H3)>0))*ISNUMBER(SEARCH("no aplica",Maestro!J11:J70))*1),"0")," N/A")} -> ✔ 0 Final. ◑ 0 En proc. ○ 0 Sin inic. — 0 N/A | E17: {=CONCATENATE("✔ ",TEXT(SUMPRODUCT(((('Resumen Ejecutivo'!C3="Todas las modalidades")+(Maestro!F11:F70='Resumen Ejecutivo'!C3)>0)*(('Resumen Ejecutivo'!E3="Todas las facultades")+(Maestro!C11:C70='Resumen Ejecutivo'!E3)>0)*(('Resumen Ejecutivo'!H3="Todos los periodos")+(Maestro!BV11:BV70='Resumen Ejecutivo'!H3)>0))*ISNUMBER(SEARCH("finalizado",Maestro!Y11:Y70))*1),"0")," Final. ◑ ",TEXT(SUMPRODUCT(((('Resumen Ejecutivo'!C3="Todas las modalidades")+(Maestro!F11:F70='Resumen Ejecutivo'!C3)>0)*(('Resumen Ejecutivo'!E3="Todas las facultades")+(Maestro!C11:C70='Resumen Ejecutivo'!E3)>0)*(('Resumen Ejecutivo'!H3="Todos los periodos")+(Maestro!BV11:BV70='Resumen Ejecutivo'!H3)>0))*ISNUMBER(SEARCH("en proceso",Maestro!Y11:Y70))*1),"0")," En proc. ○ ",TEXT(SUMPRODUCT(((('Resumen Ejecutivo'!C3="Todas las modalidades")+(Maestro!F11:F70='Resumen Ejecutivo'!C3)>0)*(('Resumen Ejecutivo'!E3="Todas las facultades")+(Maestro!C11:C70='Resumen Ejecutivo'!E3)>0)*(('Resumen Ejecutivo'!H3="Todos los periodos")+(Maestro!BV11:BV70='Resumen Ejecutivo'!H3)>0)))-SUMPRODUCT(((('Resumen Ejecutivo'!C3="Todas las modalidades")+(Maestro!F11:F70='Resumen Ejecutivo'!C3)>0)*(('Resumen Ejecutivo'!E3="Todas las facultades")+(Maestro!C11:C70='Resumen Ejecutivo'!E3)>0)*(('Resumen Ejecutivo'!H3="Todos los periodos")+(Maestro!BV11:BV70='Resumen Ejecutivo'!H3)>0))*ISNUMBER(SEARCH("finalizado",Maestro!Y11:Y70))*1)-SUMPRODUCT(((('Resumen Ejecutivo'!C3="Todas las modalidades")+(Maestro!F11:F70='Resumen Ejecutivo'!C3)>0)*(('Resumen Ejecutivo'!E3="Todas las facultades")+(Maestro!C11:C70='Resumen Ejecutivo'!E3)>0)*(('Resumen Ejecutivo'!H3="Todos los periodos")+(Maestro!BV11:BV70='Resumen Ejecutivo'!H3)>0))*ISNUMBER(SEARCH("en proceso",Maestro!Y11:Y70))*1)-SUMPRODUCT(((('Resumen Ejecutivo'!C3="Todas las modalidades")+(Maestro!F11:F70='Resumen Ejecutivo'!C3)>0)*(('Resumen Ejecutivo'!E3="Todas las facultades")+(Maestro!C11:C70='Resumen Ejecutivo'!E3)>0)*(('Resumen Ejecutivo'!H3="Todos los periodos")+(Maestro!BV11:BV70='Resumen Ejecutivo'!H3)>0))*ISNUMBER(SEARCH("no aplica",Maestro!Y11:Y70))*1),"0")," Sin inic. — ",TEXT(SUMPRODUCT(((('Resumen Ejecutivo'!C3="Todas las modalidades")+(Maestro!F11:F70='Resumen Ejecutivo'!C3)>0)*(('Resumen Ejecutivo'!E3="Todas las facultades")+(Maestro!C11:C70='Resumen Ejecutivo'!E3)>0)*(('Resumen Ejecutivo'!H3="Todos los periodos")+(Maestro!BV11:BV70='Resumen Ejecutivo'!H3)>0))*ISNUMBER(SEARCH("no aplica",Maestro!Y11:Y70))*1),"0")," N/A")} -> ✔ 0 Final. ◑ 0 En proc. ○ 0 Sin inic. — 0 N/A | H17: {=CONCATENATE("✔ ",TEXT(SUMPRODUCT(((('Resumen Ejecutivo'!C3="Todas las modalidades")+(Maestro!F11:F70='Resumen Ejecutivo'!C3)>0)*(('Resumen Ejecutivo'!E3="Todas las facultades")+(Maestro!C11:C70='Resumen Ejecutivo'!E3)>0)*(('Resumen Ejecutivo'!H3="Todos los periodos")+(Maestro!BV11:BV70='Resumen Ejecutivo'!H3)>0))*(ISNUMBER(SEARCH("resolución",Maestro!AB11:AB70))+ISNUMBER(SEARCH("aprobado",Maestro!AB11:AB70))+ISNUMBER(SEARCH("notificado",Maestro!AB11:AB70))>0)*1),"0")," Final. ◑ ",TEXT(SUMPRODUCT(((('Resumen Ejecutivo'!C3="Todas las modalidades")+(Maestro!F11:F70='Resumen Ejecutivo'!C3)>0)*(('Resumen Ejecutivo'!E3="Todas las facultades")+(Maestro!C11:C70='Resumen Ejecutivo'!E3)>0)*(('Resumen Ejecutivo'!H3="Todos los periodos")+(Maestro!BV11:BV70='Resumen Ejecutivo'!H3)>0))*(ISNUMBER(SEARCH("evaluación",Maestro!AB11:AB70))+ISNUMBER(SEARCH("elaboración",Maestro!AB11:AB70))+ISNUMBER(SEARCH("pares",Maestro!AB11:AB70))+ISNUMBER(SEARCH("completitud",Maestro!AB11:AB70))>0)*1),"0")," En proc. ○ ",TEXT(SUMPRODUCT(((('Resumen Ejecutivo'!C3="Todas las modalidades")+(Maestro!F11:F70='Resumen Ejecutivo'!C3)>0)*(('Resumen Ejecutivo'!E3="Todas las facultades")+(Maestro!C11:C70='Resumen Ejecutivo'!E3)>0)*(('Resumen Ejecutivo'!H3="Todos los periodos")+(Maestro!BV11:BV70='Resumen Ejecutivo'!H3)>0)))-SUMPRODUCT(((('Resumen Ejecutivo'!C3="Todas las modalidades")+(Maestro!F11:F70='Resumen Ejecutivo'!C3)>0)*(('Resumen Ejecutivo'!E3="Todas las facultades")+(Maestro!C11:C70='Resumen Ejecutivo'!E3)>0)*(('Resumen Ejecutivo'!H3="Todos los periodos")+(Maestro!BV11:BV70='Resumen Ejecutivo'!H3)>0))*(ISNUMBER(SEARCH("resolución",Maestro!AB11:AB70))+ISNUMBER(SEARCH("aprobado",Maestro!AB11:AB70))+ISNUMBER(SEARCH("notificado",Maestro!AB11:AB70))>0)*1)-SUMPRODUCT(((('Resumen Ejecutivo'!C3="Todas las modalidades")+(Maestro!F11:F70='Resumen Ejecutivo'!C3)>0)*(('Resumen Ejecutivo'!E3="Todas las facultades")+(Maestro!C11:C70='Resumen Ejecutivo'!E3)>0)*(('Resumen Ejecutivo'!H3="Todos los periodos")+(Maestro!BV11:BV70='Resumen Ejecutivo'!H3)>0))*(ISNUMBER(SEARCH("evaluación",Maestro!AB11:AB70))+ISNUMBER(SEARCH("elaboración",Maestro!AB11:AB70))+ISNUMBER(SEARCH("pares",Maestro!AB11:AB70))+ISNUMBER(SEARCH("completitud",Maestro!AB11:AB70))>0)*1)-SUMPRODUCT(((('Resumen Ejecutivo'!C3="Todas las modalidades")+(Maestro!F11:F70='Resumen Ejecutivo'!C3)>0)*(('Resumen Ejecutivo'!E3="Todas las facultades")+(Maestro!C11:C70='Resumen Ejecutivo'!E3)>0)*(('Resumen Ejecutivo'!H3="Todos los periodos")+(Maestro!BV11:BV70='Resumen Ejecutivo'!H3)>0))*ISNUMBER(SEARCH("no aplica",Maestro!AB11:AB70))*1),"0")," Sin inic. — ",TEXT(SUMPRODUCT(((('Resumen Ejecutivo'!C3="Todas las modalidades")+(Maestro!F11:F70='Resumen Ejecutivo'!C3)>0)*(('Resumen Ejecutivo'!E3="Todas las facultades")+(Maestro!C11:C70='Resumen Ejecutivo'!E3)>0)*(('Resumen Ejecutivo'!H3="Todos los periodos")+(Maestro!BV11:BV70='Resumen Ejecutivo'!H3)>0))*ISNUMBER(SEARCH("no aplica",Maestro!AB11:AB70))*1),"0")," N/A")} -> ✔ 0 Final. ◑ 0 En proc. ○ 0 Sin inic. — 0 N/A | K17: {=CONCATENATE("✔ ",TEXT(SUMPRODUCT(((('Resumen Ejecutivo'!C3="Todas las modalidades")+(Maestro!F11:F70='Resumen Ejecutivo'!C3)>0)*(('Resumen Ejecutivo'!E3="Todas las facultades")+(Maestro!C11:C70='Resumen Ejecutivo'!E3)>0)*(('Resumen Ejecutivo'!H3="Todos los periodos")+(Maestro!BV11:BV70='Resumen Ejecutivo'!H3)>0))*(NOT(ISNUMBER(SEARCH("sin iniciar",Maestro!AI11:AI70)))*NOT(ISNUMBER(SEARCH("no aplica",Maestro!AI11:AI70)))*(Maestro!AI11:AI70<>"")*1)),"0")," Final. ◑ ",TEXT(0,"0")," En proc. ○ ",TEXT(SUMPRODUCT(((('Resumen Ejecutivo'!C3="Todas las modalidades")+(Maestro!F11:F70='Resumen Ejecutivo'!C3)>0)*(('Resumen Ejecutivo'!E3="Todas las facultades")+(Maestro!C11:C70='Resumen Ejecutivo'!E3)>0)*(('Resumen Ejecutivo'!H3="Todos los periodos")+(Maestro!BV11:BV70='Resumen Ejecutivo'!H3)>0)))-SUMPRODUCT(((('Resumen Ejecutivo'!C3="Todas las modalidades")+(Maestro!F11:F70='Resumen Ejecutivo'!C3)>0)*(('Resumen Ejecutivo'!E3="Todas las facultades")+(Maestro!C11:C70='Resumen Ejecutivo'!E3)>0)*(('Resumen Ejecutivo'!H3="Todos los periodos")+(Maestro!BV11:BV70='Resumen Ejecutivo'!H3)>0))*(NOT(ISNUMBER(SEARCH("sin iniciar",Maestro!AI11:AI70)))*NOT(ISNUMBER(SEARCH("no aplica",Maestro!AI11:AI70)))*(Maestro!AI11:AI70<>"")*1))-0-SUMPRODUCT(((('Resumen Ejecutivo'!C3="Todas las modalidades")+(Maestro!F11:F70='Resumen Ejecutivo'!C3)>0)*(('Resumen Ejecutivo'!E3="Todas las facultades")+(Maestro!C11:C70='Resumen Ejecutivo'!E3)>0)*(('Resumen Ejecutivo'!H3="Todos los periodos")+(Maestro!BV11:BV70='Resumen Ejecutivo'!H3)>0))*ISNUMBER(SEARCH("no aplica",Maestro!AI11:AI70))*1),"0")," Sin inic. — ",TEXT(SUMPRODUCT(((('Resumen Ejecutivo'!C3="Todas las modalidades")+(Maestro!F11:F70='Resumen Ejecutivo'!C3)>0)*(('Resumen Ejecutivo'!E3="Todas las facultades")+(Maestro!C11:C70='Resumen Ejecutivo'!E3)>0)*(('Resumen Ejecutivo'!H3="Todos los periodos")+(Maestro!BV11:BV70='Resumen Ejecutivo'!H3)>0))*ISNUMBER(SEARCH("no aplica",Maestro!AI11:AI70))*1),"0")," N/A")} -> ✔ 0 Final. ◑ 0 En proc. ○ 0 Sin inic. — 0 N/A
B19: PRODUCCIÓN CONTENIDOS | D19: {=IFERROR(ROUND((SUMPRODUCT(((('Resumen Ejecutivo'!C3="Todas las modalidades")+(Maestro!F11:F70='Resumen Ejecutivo'!C3)>0)*(('Resumen Ejecutivo'!E3="Todas las facultades")+(Maestro!C11:C70='Resumen Ejecutivo'!E3)>0)*(('Resumen Ejecutivo'!H3="Todos los periodos")+(Maestro!BV11:BV70='Resumen Ejecutivo'!H3)>0))*(ISNUMBER(Maestro!AQ11:AQ70)*(Maestro!AQ11:AQ70>=1))*1)+(SUMPRODUCT(((('Resumen Ejecutivo'!C3="Todas las modalidades")+(Maestro!F11:F70='Resumen Ejecutivo'!C3)>0)*(('Resumen Ejecutivo'!E3="Todas las facultades")+(Maestro!C11:C70='Resumen Ejecutivo'!E3)>0)*(('Resumen Ejecutivo'!H3="Todos los periodos")+(Maestro!BV11:BV70='Resumen Ejecutivo'!H3)>0))*(ISNUMBER(Maestro!AQ11:AQ70)*(Maestro!AQ11:AQ70>0)*(Maestro!AQ11:AQ70<1))*1))*0.5)/SUMPRODUCT(((('Resumen Ejecutivo'!C3="Todas las modalidades")+(Maestro!F11:F70='Resumen Ejecutivo'!C3)>0)*(('Resumen Ejecutivo'!E3="Todas las facultades")+(Maestro!C11:C70='Resumen Ejecutivo'!E3)>0)*(('Resumen Ejecutivo'!H3="Todos los periodos")+(Maestro!BV11:BV70='Resumen Ejecutivo'!H3)>0)))*100,0),0)} -> 0 | E19: CONVENIOS INSTITUCIONALES | G19: {=IFERROR(ROUND((SUMPRODUCT(((('Resumen Ejecutivo'!C3="Todas las modalidades")+(Maestro!F11:F70='Resumen Ejecutivo'!C3)>0)*(('Resumen Ejecutivo'!E3="Todas las facultades")+(Maestro!C11:C70='Resumen Ejecutivo'!E3)>0)*(('Resumen Ejecutivo'!H3="Todos los periodos")+(Maestro!BV11:BV70='Resumen Ejecutivo'!H3)>0))*(ISNUMBER(Maestro!AZ11:AZ70)*(Maestro!AZ11:AZ70>=1))*1)+(SUMPRODUCT(((('Resumen Ejecutivo'!C3="Todas las modalidades")+(Maestro!F11:F70='Resumen Ejecutivo'!C3)>0)*(('Resumen Ejecutivo'!E3="Todas las facultades")+(Maestro!C11:C70='Resumen Ejecutivo'!E3)>0)*(('Resumen Ejecutivo'!H3="Todos los periodos")+(Maestro!BV11:BV70='Resumen Ejecutivo'!H3)>0))*(ISNUMBER(Maestro!AZ11:AZ70)*(Maestro!AZ11:AZ70>0)*(Maestro!AZ11:AZ70<1))*1))*0.5)/SUMPRODUCT(((('Resumen Ejecutivo'!C3="Todas las modalidades")+(Maestro!F11:F70='Resumen Ejecutivo'!C3)>0)*(('Resumen Ejecutivo'!E3="Todas las facultades")+(Maestro!C11:C70='Resumen Ejecutivo'!E3)>0)*(('Resumen Ejecutivo'!H3="Todos los periodos")+(Maestro!BV11:BV70='Resumen Ejecutivo'!H3)>0)))*100,0),0)} -> 0 | H19: PARAMETRIZAR BANNER | J19: {=IFERROR(ROUND((SUMPRODUCT(((('Resumen Ejecutivo'!C3="Todas las modalidades")+(Maestro!F11:F70='Resumen Ejecutivo'!C3)>0)*(('Resumen Ejecutivo'!E3="Todas las facultades")+(Maestro!C11:C70='Resumen Ejecutivo'!E3)>0)*(('Resumen Ejecutivo'!H3="Todos los periodos")+(Maestro!BV11:BV70='Resumen Ejecutivo'!H3)>0))*(ISNUMBER(Maestro!BG11:BG70)*(Maestro!BG11:BG70>=1))*1)+(SUMPRODUCT(((('Resumen Ejecutivo'!C3="Todas las modalidades")+(Maestro!F11:F70='Resumen Ejecutivo'!C3)>0)*(('Resumen Ejecutivo'!E3="Todas las facultades")+(Maestro!C11:C70='Resumen Ejecutivo'!E3)>0)*(('Resumen Ejecutivo'!H3="Todos los periodos")+(Maestro!BV11:BV70='Resumen Ejecutivo'!H3)>0))*(ISNUMBER(Maestro!BG11:BG70)*(Maestro!BG11:BG70>0)*(Maestro!BG11:BG70<1))*1))*0.5)/SUMPRODUCT(((('Resumen Ejecutivo'!C3="Todas las modalidades")+(Maestro!F11:F70='Resumen Ejecutivo'!C3)>0)*(('Resumen Ejecutivo'!E3="Todas las facultades")+(Maestro!C11:C70='Resumen Ejecutivo'!E3)>0)*(('Resumen Ejecutivo'!H3="Todos los periodos")+(Maestro!BV11:BV70='Resumen Ejecutivo'!H3)>0)))*100,0),0)} -> 0 | K19: PUBLICACIÓN WEB | M19: {=IFERROR(ROUND((SUMPRODUCT(((('Resumen Ejecutivo'!C3="Todas las modalidades")+(Maestro!F11:F70='Resumen Ejecutivo'!C3)>0)*(('Resumen Ejecutivo'!E3="Todas las facultades")+(Maestro!C11:C70='Resumen Ejecutivo'!E3)>0)*(('Resumen Ejecutivo'!H3="Todos los periodos")+(Maestro!BV11:BV70='Resumen Ejecutivo'!H3)>0))*(ISNUMBER(Maestro!BL11:BL70)*(Maestro!BL11:BL70>=1))*1)+(SUMPRODUCT(((('Resumen Ejecutivo'!C3="Todas las modalidades")+(Maestro!F11:F70='Resumen Ejecutivo'!C3)>0)*(('Resumen Ejecutivo'!E3="Todas las facultades")+(Maestro!C11:C70='Resumen Ejecutivo'!E3)>0)*(('Resumen Ejecutivo'!H3="Todos los periodos")+(Maestro!BV11:BV70='Resumen Ejecutivo'!H3)>0))*(ISNUMBER(Maestro!BL11:BL70)*(Maestro!BL11:BL70>0)*(Maestro!BL11:BL70<1))*1))*0.5)/SUMPRODUCT(((('Resumen Ejecutivo'!C3="Todas las modalidades")+(Maestro!F11:F70='Resumen Ejecutivo'!C3)>0)*(('Resumen Ejecutivo'!E3="Todas las facultades")+(Maestro!C11:C70='Resumen Ejecutivo'!E3)>0)*(('Resumen Ejecutivo'!H3="Todos los periodos")+(Maestro!BV11:BV70='Resumen Ejecutivo'!H3)>0)))*100,0),0)} -> 0
B21: {=CONCATENATE("✔ ",TEXT(SUMPRODUCT(((('Resumen Ejecutivo'!C3="Todas las modalidades")+(Maestro!F11:F70='Resumen Ejecutivo'!C3)>0)*(('Resumen Ejecutivo'!E3="Todas las facultades")+(Maestro!C11:C70='Resumen Ejecutivo'!E3)>0)*(('Resumen Ejecutivo'!H3="Todos los periodos")+(Maestro!BV11:BV70='Resumen Ejecutivo'!H3)>0))*(ISNUMBER(Maestro!AQ11:AQ70)*(Maestro!AQ11:AQ70>=1))*1),"0")," Final. ◑ ",TEXT(SUMPRODUCT(((('Resumen Ejecutivo'!C3="Todas las modalidades")+(Maestro!F11:F70='Resumen Ejecutivo'!C3)>0)*(('Resumen Ejecutivo'!E3="Todas las facultades")+(Maestro!C11:C70='Resumen Ejecutivo'!E3)>0)*(('Resumen Ejecutivo'!H3="Todos los periodos")+(Maestro!BV11:BV70='Resumen Ejecutivo'!H3)>0))*(ISNUMBER(Maestro!AQ11:AQ70)*(Maestro!AQ11:AQ70>0)*(Maestro!AQ11:AQ70<1))*1),"0")," En proc. ○ ",TEXT(SUMPRODUCT(((('Resumen Ejecutivo'!C3="Todas las modalidades")+(Maestro!F11:F70='Resumen Ejecutivo'!C3)>0)*(('Resumen Ejecutivo'!E3="Todas las facultades")+(Maestro!C11:C70='Resumen Ejecutivo'!E3)>0)*(('Resumen Ejecutivo'!H3="Todos los periodos")+(Maestro!BV11:BV70='Resumen Ejecutivo'!H3)>0)))-SUMPRODUCT(((('Resumen Ejecutivo'!C3="Todas las modalidades")+(Maestro!F11:F70='Resumen Ejecutivo'!C3)>0)*(('Resumen Ejecutivo'!E3="Todas las facultades")+(Maestro!C11:C70='Resumen Ejecutivo'!E3)>0)*(('Resumen Ejecutivo'!H3="Todos los periodos")+(Maestro!BV11:BV70='Resumen Ejecutivo'!H3)>0))*(ISNUMBER(Maestro!AQ11:AQ70)*(Maestro!AQ11:AQ70>=1))*1)-SUMPRODUCT(((('Resumen Ejecutivo'!C3="Todas las modalidades")+(Maestro!F11:F70='Resumen Ejecutivo'!C3)>0)*(('Resumen Ejecutivo'!E3="Todas las facultades")+(Maestro!C11:C70='Resumen Ejecutivo'!E3)>0)*(('Resumen Ejecutivo'!H3="Todos los periodos")+(Maestro!BV11:BV70='Resumen Ejecutivo'!H3)>0))*(ISNUMBER(Maestro!AQ11:AQ70)*(Maestro!AQ11:AQ70>0)*(Maestro!AQ11:AQ70<1))*1)-SUMPRODUCT(((('Resumen Ejecutivo'!C3="Todas las modalidades")+(Maestro!F11:F70='Resumen Ejecutivo'!C3)>0)*(('Resumen Ejecutivo'!E3="Todas las facultades")+(Maestro!C11:C70='Resumen Ejecutivo'!E3)>0)*(('Resumen Ejecutivo'!H3="Todos los periodos")+(Maestro!BV11:BV70='Resumen Ejecutivo'!H3)>0))*ISNUMBER(SEARCH("no aplica",Maestro!AQ11:AQ70))*1),"0")," Sin inic. — ",TEXT(SUMPRODUCT(((('Resumen Ejecutivo'!C3="Todas las modalidades")+(Maestro!F11:F70='Resumen Ejecutivo'!C3)>0)*(('Resumen Ejecutivo'!E3="Todas las facultades")+(Maestro!C11:C70='Resumen Ejecutivo'!E3)>0)*(('Resumen Ejecutivo'!H3="Todos los periodos")+(Maestro!BV11:BV70='Resumen Ejecutivo'!H3)>0))*ISNUMBER(SEARCH("no aplica",Maestro!AQ11:AQ70))*1),"0")," N/A")} -> ✔ 0 Final. ◑ 0 En proc. ○ 0 Sin inic. — 0 N/A | E21: {=CONCATENATE("✔ ",TEXT(SUMPRODUCT(((('Resumen Ejecutivo'!C3="Todas las modalidades")+(Maestro!F11:F70='Resumen Ejecutivo'!C3)>0)*(('Resumen Ejecutivo'!E3="Todas las facultades")+(Maestro!C11:C70='Resumen Ejecutivo'!E3)>0)*(('Resumen Ejecutivo'!H3="Todos los periodos")+(Maestro!BV11:BV70='Resumen Ejecutivo'!H3)>0))*(ISNUMBER(Maestro!AZ11:AZ70)*(Maestro!AZ11:AZ70>=1))*1),"0")," Final. ◑ ",TEXT(SUMPRODUCT(((('Resumen Ejecutivo'!C3="Todas las modalidades")+(Maestro!F11:F70='Resumen Ejecutivo'!C3)>0)*(('Resumen Ejecutivo'!E3="Todas las facultades")+(Maestro!C11:C70='Resumen Ejecutivo'!E3)>0)*(('Resumen Ejecutivo'!H3="Todos los periodos")+(Maestro!BV11:BV70='Resumen Ejecutivo'!H3)>0))*(ISNUMBER(Maestro!AZ11:AZ70)*(Maestro!AZ11:AZ70>0)*(Maestro!AZ11:AZ70<1))*1),"0")," En proc. ○ ",TEXT(SUMPRODUCT(((('Resumen Ejecutivo'!C3="Todas las modalidades")+(Maestro!F11:F70='Resumen Ejecutivo'!C3)>0)*(('Resumen Ejecutivo'!E3="Todas las facultades")+(Maestro!C11:C70='Resumen Ejecutivo'!E3)>0)*(('Resumen Ejecutivo'!H3="Todos los periodos")+(Maestro!BV11:BV70='Resumen Ejecutivo'!H3)>0)))-SUMPRODUCT(((('Resumen Ejecutivo'!C3="Todas las modalidades")+(Maestro!F11:F70='Resumen Ejecutivo'!C3)>0)*(('Resumen Ejecutivo'!E3="Todas las facultades")+(Maestro!C11:C70='Resumen Ejecutivo'!E3)>0)*(('Resumen Ejecutivo'!H3="Todos los periodos")+(Maestro!BV11:BV70='Resumen Ejecutivo'!H3)>0))*(ISNUMBER(Maestro!AZ11:AZ70)*(Maestro!AZ11:AZ70>=1))*1)-SUMPRODUCT(((('Resumen Ejecutivo'!C3="Todas las modalidades")+(Maestro!F11:F70='Resumen Ejecutivo'!C3)>0)*(('Resumen Ejecutivo'!E3="Todas las facultades")+(Maestro!C11:C70='Resumen Ejecutivo'!E3)>0)*(('Resumen Ejecutivo'!H3="Todos los periodos")+(Maestro!BV11:BV70='Resumen Ejecutivo'!H3)>0))*(ISNUMBER(Maestro!AZ11:AZ70)*(Maestro!AZ11:AZ70>0)*(Maestro!AZ11:AZ70<1))*1)-SUMPRODUCT(((('Resumen Ejecutivo'!C3="Todas las modalidades")+(Maestro!F11:F70='Resumen Ejecutivo'!C3)>0)*(('Resumen Ejecutivo'!E3="Todas las facultades")+(Maestro!C11:C70='Resumen Ejecutivo'!E3)>0)*(('Resumen Ejecutivo'!H3="Todos los periodos")+(Maestro!BV11:BV70='Resumen Ejecutivo'!H3)>0))*ISNUMBER(SEARCH("no aplica",Maestro!AZ11:AZ70))*1),"0")," Sin inic. — ",TEXT(SUMPRODUCT(((('Resumen Ejecutivo'!C3="Todas las modalidades")+(Maestro!F11:F70='Resumen Ejecutivo'!C3)>0)*(('Resumen Ejecutivo'!E3="Todas las facultades")+(Maestro!C11:C70='Resumen Ejecutivo'!E3)>0)*(('Resumen Ejecutivo'!H3="Todos los periodos")+(Maestro!BV11:BV70='Resumen Ejecutivo'!H3)>0))*ISNUMBER(SEARCH("no aplica",Maestro!AZ11:AZ70))*1),"0")," N/A")} -> ✔ 0 Final. ◑ 0 En proc. ○ 0 Sin inic. — 0 N/A | H21: {=CONCATENATE("✔ ",TEXT(SUMPRODUCT(((('Resumen Ejecutivo'!C3="Todas las modalidades")+(Maestro!F11:F70='Resumen Ejecutivo'!C3)>0)*(('Resumen Ejecutivo'!E3="Todas las facultades")+(Maestro!C11:C70='Resumen Ejecutivo'!E3)>0)*(('Resumen Ejecutivo'!H3="Todos los periodos")+(Maestro!BV11:BV70='Resumen Ejecutivo'!H3)>0))*(ISNUMBER(Maestro!BG11:BG70)*(Maestro!BG11:BG70>=1))*1),"0")," Final. ◑ ",TEXT(SUMPRODUCT(((('Resumen Ejecutivo'!C3="Todas las modalidades")+(Maestro!F11:F70='Resumen Ejecutivo'!C3)>0)*(('Resumen Ejecutivo'!E3="Todas las facultades")+(Maestro!C11:C70='Resumen Ejecutivo'!E3)>0)*(('Resumen Ejecutivo'!H3="Todos los periodos")+(Maestro!BV11:BV70='Resumen Ejecutivo'!H3)>0))*(ISNUMBER(Maestro!BG11:BG70)*(Maestro!BG11:BG70>0)*(Maestro!BG11:BG70<1))*1),"0")," En proc. ○ ",TEXT(SUMPRODUCT(((('Resumen Ejecutivo'!C3="Todas las modalidades")+(Maestro!F11:F70='Resumen Ejecutivo'!C3)>0)*(('Resumen Ejecutivo'!E3="Todas las facultades")+(Maestro!C11:C70='Resumen Ejecutivo'!E3)>0)*(('Resumen Ejecutivo'!H3="Todos los periodos")+(Maestro!BV11:BV70='Resumen Ejecutivo'!H3)>0)))-SUMPRODUCT(((('Resumen Ejecutivo'!C3="Todas las modalidades")+(Maestro!F11:F70='Resumen Ejecutivo'!C3)>0)*(('Resumen Ejecutivo'!E3="Todas las facultades")+(Maestro!C11:C70='Resumen Ejecutivo'!E3)>0)*(('Resumen Ejecutivo'!H3="Todos los periodos")+(Maestro!BV11:BV70='Resumen Ejecutivo'!H3)>0))*(ISNUMBER(Maestro!BG11:BG70)*(Maestro!BG11:BG70>=1))*1)-SUMPRODUCT(((('Resumen Ejecutivo'!C3="Todas las modalidades")+(Maestro!F11:F70='Resumen Ejecutivo'!C3)>0)*(('Resumen Ejecutivo'!E3="Todas las facultades")+(Maestro!C11:C70='Resumen Ejecutivo'!E3)>0)*(('Resumen Ejecutivo'!H3="Todos los periodos")+(Maestro!BV11:BV70='Resumen Ejecutivo'!H3)>0))*(ISNUMBER(Maestro!BG11:BG70)*(Maestro!BG11:BG70>0)*(Maestro!BG11:BG70<1))*1)-SUMPRODUCT(((('Resumen Ejecutivo'!C3="Todas las modalidades")+(Maestro!F11:F70='Resumen Ejecutivo'!C3)>0)*(('Resumen Ejecutivo'!E3="Todas las facultades")+(Maestro!C11:C70='Resumen Ejecutivo'!E3)>0)*(('Resumen Ejecutivo'!H3="Todos los periodos")+(Maestro!BV11:BV70='Resumen Ejecutivo'!H3)>0))*ISNUMBER(SEARCH("no aplica",Maestro!BG11:BG70))*1),"0")," Sin inic. — ",TEXT(SUMPRODUCT(((('Resumen Ejecutivo'!C3="Todas las modalidades")+(Maestro!F11:F70='Resumen Ejecutivo'!C3)>0)*(('Resumen Ejecutivo'!E3="Todas las facultades")+(Maestro!C11:C70='Resumen Ejecutivo'!E3)>0)*(('Resumen Ejecutivo'!H3="Todos los periodos")+(Maestro!BV11:BV70='Resumen Ejecutivo'!H3)>0))*ISNUMBER(SEARCH("no aplica",Maestro!BG11:BG70))*1),"0")," N/A")} -> ✔ 0 Final. ◑ 0 En proc. ○ 0 Sin inic. — 0 N/A | K21: {=CONCATENATE("✔ ",TEXT(SUMPRODUCT(((('Resumen Ejecutivo'!C3="Todas las modalidades")+(Maestro!F11:F70='Resumen Ejecutivo'!C3)>0)*(('Resumen Ejecutivo'!E3="Todas las facultades")+(Maestro!C11:C70='Resumen Ejecutivo'!E3)>0)*(('Resumen Ejecutivo'!H3="Todos los periodos")+(Maestro!BV11:BV70='Resumen Ejecutivo'!H3)>0))*(ISNUMBER(Maestro!BL11:BL70)*(Maestro!BL11:BL70>=1))*1),"0")," Final. ◑ ",TEXT(SUMPRODUCT(((('Resumen Ejecutivo'!C3="Todas las modalidades")+(Maestro!F11:F70='Resumen Ejecutivo'!C3)>0)*(('Resumen Ejecutivo'!E3="Todas las facultades")+(Maestro!C11:C70='Resumen Ejecutivo'!E3)>0)*(('Resumen Ejecutivo'!H3="Todos los periodos")+(Maestro!BV11:BV70='Resumen Ejecutivo'!H3)>0))*(ISNUMBER(Maestro!BL11:BL70)*(Maestro!BL11:BL70>0)*(Maestro!BL11:BL70<1))*1),"0")," En proc. ○ ",TEXT(SUMPRODUCT(((('Resumen Ejecutivo'!C3="Todas las modalidades")+(Maestro!F11:F70='Resumen Ejecutivo'!C3)>0)*(('Resumen Ejecutivo'!E3="Todas las facultades")+(Maestro!C11:C70='Resumen Ejecutivo'!E3)>0)*(('Resumen Ejecutivo'!H3="Todos los periodos")+(Maestro!BV11:BV70='Resumen Ejecutivo'!H3)>0)))-SUMPRODUCT(((('Resumen Ejecutivo'!C3="Todas las modalidades")+(Maestro!F11:F70='Resumen Ejecutivo'!C3)>0)*(('Resumen Ejecutivo'!E3="Todas las facultades")+(Maestro!C11:C70='Resumen Ejecutivo'!E3)>0)*(('Resumen Ejecutivo'!H3="Todos los periodos")+(Maestro!BV11:BV70='Resumen Ejecutivo'!H3)>0))*(ISNUMBER(Maestro!BL11:BL70)*(Maestro!BL11:BL70>=1))*1)-SUMPRODUCT(((('Resumen Ejecutivo'!C3="Todas las modalidades")+(Maestro!F11:F70='Resumen Ejecutivo'!C3)>0)*(('Resumen Ejecutivo'!E3="Todas las facultades")+(Maestro!C11:C70='Resumen Ejecutivo'!E3)>0)*(('Resumen Ejecutivo'!H3="Todos los periodos")+(Maestro!BV11:BV70='Resumen Ejecutivo'!H3)>0))*(ISNUMBER(Maestro!BL11:BL70)*(Maestro!BL11:BL70>0)*(Maestro!BL11:BL70<1))*1)-SUMPRODUCT(((('Resumen Ejecutivo'!C3="Todas las modalidades")+(Maestro!F11:F70='Resumen Ejecutivo'!C3)>0)*(('Resumen Ejecutivo'!E3="Todas las facultades")+(Maestro!C11:C70='Resumen Ejecutivo'!E3)>0)*(('Resumen Ejecutivo'!H3="Todos los periodos")+(Maestro!BV11:BV70='Resumen Ejecutivo'!H3)>0))*ISNUMBER(SEARCH("no aplica",Maestro!BL11:BL70))*1),"0")," Sin inic. — ",TEXT(SUMPRODUCT(((('Resumen Ejecutivo'!C3="Todas las modalidades")+(Maestro!F11:F70='Resumen Ejecutivo'!C3)>0)*(('Resumen Ejecutivo'!E3="Todas las facultades")+(Maestro!C11:C70='Resumen Ejecutivo'!E3)>0)*(('Resumen Ejecutivo'!H3="Todos los periodos")+(Maestro!BV11:BV70='Resumen Ejecutivo'!H3)>0))*ISNUMBER(SEARCH("no aplica",Maestro!BL11:BL70))*1),"0")," N/A")} -> ✔ 0 Final. ◑ 0 En proc. ○ 0 Sin inic. — 0 N/A
B24: ESTADO POR ETAPA | H24: AVANCE POR FACULTAD Y PROGRAMA
B26: PROCESO | C26: FINALIZ. | D26: EN PROC. | E26: SIN INIC. | F26: TOTAL | H26: FACULTAD / PROGRAMA | M26: AVANCE | N26: PROGRESO
B27: G. Académica | C27: 58 | D27: 2 | E27: 0 | F27: 60 | H27: ◆ Soc. Cultura y Creatividad | M27: 0.35 | N27: ███░░░░░
B28: G. Financiera | C28: 12 | D28: 14 | E28: 34 | F28: 60 | H28: Lic. Ciencias Sociales | M28: 0.8 | N28: ██████░░
B29: Aseg. Calidad | C29: 1 | D29: 56 | E29: 3 | F29: 60 | H29: Maest. Ger. Talento Humano | M29: 0.6 | N29: █████░░░
B30: Ger. Planeación | C30: 0 | D30: 0 | E30: 60 | F30: 60 | H30: Comunicación Social | M30: 0.46 | N30: ████░░░░
B31: Prod. Contenidos | C31: 4 | D31: 12 | E31: 44 | F31: 60 | H31: Tec. Mercadeo y Publicidad | M31: 0.45 | N31: ████░░░░
B32: Convenios | C32: 0 | D32: 2 | E32: 58 | F32: 60 | H32: Espec. Ger. Mercadeo | M32: 0.45 | N32: ████░░░░
B33: Param. Banner | C33: 5 | D33: 1 | E33: 54 | F33: 60 | H33: Técnica Prof. Judicial | M33: 0.43 | N33: ███░░░░░
B34: Pub. Web | C34: 0 | D34: 0 | E34: 60 | F34: 60 | H34: Maest. Ger. Estratégica | M34: 0.4 | N34: ███░░░░░
H35: Mercadeo y Publicidad | M35: 0.38 | N35: ███░░░░░
H37: ◆ Ing. Diseño e Innovación | M37: 0.28 | N37: ██░░░░░░
H38: Maest. Educación STEM | M38: 0.75 | N38: ██████░░
H39: Espec. Ger. Proy. BI | M39: 0.65 | N39: █████░░░
H40: Diseño Digital | M40: 0.35 | N40: ███░░░░░
H41: Lic. Educación Infantil | M41: 0.33 | N41: ███░░░░░
H42: Ing. Industrial Virtual | M42: 0.3 | N42: ██░░░░░░
H43: Diseño Gráfico | M43: 0.28 | N43: ██░░░░░░
H45: ◆ Negocios, Gestión y Sost. | M45: 0.3 | N45: ██░░░░░░
H46: Contaduría Pública Pres. | M46: 0.5 | N46: ████░░░░
H47: Contaduría Pública Virt. | M47: 0.45 | N47: ████░░░░
H48: Adm. Empresas Presencial | M48: 0.45 | N48: ████░░░░
... H50: Adm. Pública Virtual | M50: 0.25 | N50: ██░░░░░░
B52: DETALLE DE PROGRAMAS — 25 de 60 programas mostrados · ✔ = Finalizado ◑ = En proceso ○ = Sin iniciar
B53: PROGRAMA | C53: ESCUELA | D53: FACULTAD | E53: MODALIDAD | F53: NIVEL | G53: PERIODO | H53: G.ACAD | I53: G.FIN | J53: ASEG.C | K53: G.PLAN | L53: PROD.C | M53: CONV | N53: P.BAN | O53: P.WEB
B54: Lic. Ciencias Sociales | C54: Educación | D54: Soc.Cult. | E54: Virtual | F54: Profesional | G54: 2027-1 | H54: ✔ | I54: ✔ | J54: ✔ | K54: ○ | L54: ◑ | M54: ○ | N54: ✔ | O54: ○
B55: Maest. Ger. Talento Hum. | C55: Psicología | D55: Soc.Cult. | E55: Virtual | F55: Maestría | G55: Oferta | H55: ✔ | I55: ○ | J55: ○ | K55: ○ | L55: ✔ | M55: ○ | N55: ◑ | O55: ○
B56: Comunicación Social | C56: Com.Artes | D56: Soc.Cult. | E56: Virtual | F56: Profesional | G56: 2027-2 | H56: ✔ | I56: ✔ | J56: ✔ | K56: ○ | L56: ◑ | M56: ○ | N56: ○ | O56: ○
B57: Tec.Mercadeo y Publicidad | C57: Marketing | D57: Soc.Cult. | E57: Presencial | F57: Tecnológico | G57: 2027-2 | H57: ✔ | I57: ✔ | J57: ✔ | K57: ○ | L57: ○ | M57: ○ | N57: ○ | O57: ○
B58: Espec.Ger.Mercadeo Virtual | C58: Marketing | D58: Soc.Cult. | E58: Virtual | F58: Especialización | G58: 2027-2 | H58: ✔ | I58: ✔ | J58: ✔ | K58: ○ | L58: ○ | M58: ○ | N58: ○ | O58: ○
B59: Técnica Profesional Judicial | C59: Derecho | D59: Soc.Cult. | E59: Virtual | F59: Técnico | G59: 2026-2 | H59: ✔ | I59: ○ | J59: ✔ | K59: ○ | L59: ◑ | M59: ○ | N59: ◑ | O59: ○
B60: Maest.Ger.Estratégica | C60: Marketing | D60: Soc.Cult. | E60: Virtual | F60: Maestría | G60: 2027-1 | H60: ✔ | I60: ✔ | J60: ✔ | K60: ○ | L60: ◑ | M60: ○ | N60: ○ | O60: ○
B61: Mercadeo y Publicidad Bog | C61: Marketing | D61: Soc.Cult. | E61: Presencial | F61: Profesional | G61: 2027-1 | H61: ✔ | I61: ✔ | J61: ✔ | K61: ○ | L61: ○ | M61: ○ | N61: ○ | O61: ○
B62: Mercadeo y Publicidad Med | C62: Marketing | D62: Soc.Cult. | E62: Presencial | F62: Profesional | G62: 2027-2 | H62: ✔ | I62: ✔ | J62: ✔ | K62: ○ | L62: ○ | M62: ○ | N62: ○ | O62: ○
B63: Espec. Contratación Estatal | C63: Derecho | D63: Soc.Cult. | E63: Presencial | F63: Especialización | G63: 2027-2 | H63: ✔ | I63: ○ | J63: ○ | K63: ○ | L63: ○ | M63: ○ | N63: ○ | O63: ○
B64: Contaduría Pública Bog. | C64: Cont.Fin. | D64: Neg.Gest. | E64: Presencial | F64: Profesional | G64: 2026-2 | H64: ✔ | I64: ✔ | J64: ✔ | K64: ○ | L64: ○ | M64: ○ | N64: ◑ | O64: ○
... B83: Espec. Gest. Educativa | C83: Educación | D83: Soc.Cult. | E83: Virtual | F83: Especialización | G83: 2027-2 | H83: ✔ | I83: ○ | J83: ✔ | K83: ○ | L83: ○ | M83: ○ | N83: ○ | O83: ○
B84: LEYENDA: | C84: ✔ Finalizado | E84: ◑ En proceso | G84: ○ Sin iniciar | H84: GA=Gest.Acad GF=Gest.Fin AC=Aseg.Calidad GP=Ger.Plan PC=Prod.Cont CV=Convenios PB=Par.Banner W=Pub.Web

Sheet Dashboard
B2: RESUMEN EJECUTIVO — REFORMA CURRICULAR: ESTADO DE ETAPAS
B4: Leyenda: | C4: ✔ Finalizado | E4: ⚡ En proceso | G4: ✖ Sin iniciar | I4: ⏳ Con avance (X/6) | K4: ✖ Sin avance (0/6)
B6: 1. ESTADO GLOBAL POR ETAPA (todos los programas)
B7: Etapa | C7: ✔ Fin. | D7: % Fin. | E7: ⚡ Proc. | F7: % Proc. | G7: ✖ Sin. | H7: % Sin. | I7: Sin dato | J7: TOTAL | K7: Barra de avance | L7: Estado
B8: PLAN DE VIRTUALIZACIÓN | C8: =COUNTIF(Maestro!R11:R70,"finalizado") -> 0 | D8: =IFERROR(C8/J8,0) -> 0 | E8: =COUNTIF(Maestro!R11:R70,"en proceso") -> 0 | F8: =IFERROR(E8/J8,0) -> 0 | G8: =COUNTIF(Maestro!R11:R70,"sin iniciar") -> 0 | H8: =IFERROR(G8/J8,0) -> 0 | I8: =J8-C8-E8-G8 -> 60 | J8: =COUNTA(Maestro!E11:E70) -> 60 | K8: =REPT("█",ROUND(D8*15,0))&REPT("░",15-ROUND(D8*15,0)) -> ░░░░░░░░░░░░░░░ | L8: =IF(D8=1,"✔ Completo",IF(C8+E8=0,"✖ Sin iniciar",IF(D8>=0.75,"⏫ Avanzado (≥75%)","⏳ En marcha"))) -> ✖ Sin iniciar
B9: CONCEPTO FINANCIERO | C9: =COUNTIF(Maestro!U11:U70,"finalizado") -> 1 | D9: =IFERROR(C9/J9,0) -> 0.016666667 | E9: =COUNTIF(Maestro!U11:U70,"en proceso") -> 0 | F9: =IFERROR(E9/J9,0) -> 0 | G9: =COUNTIF(Maestro!U11:U70,"sin iniciar") -> 0 | H9: =IFERROR(G9/J9,0) -> 0 | I9: =J9-C9-E9-G9 -> 59 | J9: =COUNTA(Maestro!E11:E70) -> 60 | K9: =REPT("█",ROUND(D9*15,0))&REPT("░",15-ROUND(D9*15,0)) -> ░░░░░░░░░░░░░░░ | L9: =IF(D9=1,"✔ Completo",IF(C9+E9=0,"✖ Sin iniciar",IF(D9>=0.75,"⏫ Avanzado (≥75%)","⏳ En marcha"))) -> ⏳ En marcha
B10: Acta de homologación | C10: =COUNTIF(Maestro!AR11:AR70,"finalizado") -> 0 | D10: =IFERROR(C10/J10,0) -> 0 | E10: =COUNTIF(Maestro!AR11:AR70,"en proceso") -> 0 | F10: =IFERROR(E10/J10,0) -> 0 | G10: =COUNTIF(Maestro!AR11:AR70,"sin iniciar") -> 0 | H10: =IFERROR(G10/J10,0) -> 0 | I10: =J10-C10-E10-G10 -> 60 | J10: =COUNTA(Maestro!E11:E70) -> 60 | K10: =REPT("█",ROUND(D10*15,0))&REPT("░",15-ROUND(D10*15,0)) -> ░░░░░░░░░░░░░░░ | L10: =IF(D10=1,"✔ Completo",IF(C10+E10=0,"✖ Sin iniciar",IF(D10>=0.75,"⏫ Avanzado (≥75%)","⏳ En marcha"))) -> ✖ Sin iniciar
B11: % avance contenidos virtuales | C11: =COUNTIF(Maestro!AQ11:AQ70,">=1") -> 0 | D11: =IFERROR(C11/J11,0) -> 0 | E11: =COUNTIFS(Maestro!AQ11:AQ70,">0",Maestro!AQ11:AQ70,"<1") -> 0 | F11: =IFERROR(E11/J11,0) -> 0 | G11: =COUNTIF(Maestro!AQ11:AQ70,0) -> 0 | H11: =IFERROR(G11/J11,0) -> 0 | I11: =J11-C11-E11-G11 -> 60 | J11: =COUNTA(Maestro!E11:E70) -> 60 | K11: =REPT("█",ROUND(D11*15,0))&REPT("░",15-ROUND(D11*15,0)) -> ░░░░░░░░░░░░░░░ | L11: =IF(D11=1,"✔ Completo",IF(C11+E11=0,"✖ Sin iniciar",IF(D11>=0.75,"⏫ Avanzado (≥75%)","⏳ En marcha"))) -> ✖ Sin iniciar
B12: Ruta sugerida homologación/articulación convenio | C12: =COUNTIF(Maestro!AS11:AS70,"finalizado") -> 0 | D12: =IFERROR(C12/J12,0) -> 0 | E12: =COUNTIF(Maestro!AS11:AS70,"en proceso") -> 0 | F12: =IFERROR(E12/J12,0) -> 0 | G12: =COUNTIF(Maestro!AS11:AS70,"sin iniciar") -> 0 | H12: =IFERROR(G12/J12,0) -> 0 | I12: =J12-C12-E12-G12 -> 60 | J12: =COUNTA(Maestro!E11:E70) -> 60 | K12: =REPT("█",ROUND(D12*15,0))&REPT("░",15-ROUND(D12*15,0)) -> ░░░░░░░░░░░░░░░ | L12: =IF(D12=1,"✔ Completo",IF(C12+E12=0,"✖ Sin iniciar",IF(D12>=0.75,"⏫ Avanzado (≥75%)","⏳ En marcha"))) -> ✖ Sin iniciar
B13: Aulas máster nueva | C13: =COUNTIF(Maestro!BD11:BD70,"finalizado") -> 0 | D13: =IFERROR(C13/J13,0) -> 0 | E13: =COUNTIF(Maestro!BD11:BD70,"en proceso") -> 0 | F13: =IFERROR(E13/J13,0) -> 0 | G13: =COUNTIF(Maestro!BD11:BD70,"sin iniciar") -> 0 | H13: =IFERROR(G13/J13,0) -> 0 | I13: =J13-C13-E13-G13 -> 60 | J13: =COUNTA(Maestro!E11:E70) -> 60 | K13: =REPT("█",ROUND(D13*15,0))&REPT("░",15-ROUND(D13*15,0)) -> ░░░░░░░░░░░░░░░ | L13: =IF(D13=1,"✔ Completo",IF(C13+E13=0,"✖ Sin iniciar",IF(D13>=0.75,"⏫ Avanzado (≥75%)","⏳ En marcha"))) -> ✖ Sin iniciar
B14: Aulas máster actualizada | C14: =COUNTIF(Maestro!BE11:BE70,"finalizado") -> 0 | D14: =IFERROR(C14/J14,0) -> 0 | E14: =COUNTIF(Maestro!BE11:BE70,"en proceso") -> 0 | F14: =IFERROR(E14/J14,0) -> 0 | G14: =COUNTIF(Maestro!BE11:BE70,"sin iniciar") -> 0 | H14: =IFERROR(G14/J14,0) -> 0 | I14: =J14-C14-E14-G14 -> 60 | J14: =COUNTA(Maestro!E11:E70) -> 60 | K14: =REPT("█",ROUND(D14*15,0))&REPT("░",15-ROUND(D14*15,0)) -> ░░░░░░░░░░░░░░░ | L14: =IF(D14=1,"✔ Completo",IF(C14+E14=0,"✖ Sin iniciar",IF(D14>=0.75,"⏫ Avanzado (≥75%)","⏳ En marcha"))) -> ✖ Sin iniciar
B15: Parametrizar y configurar actividades evaluativas | C15: =COUNTIF(Maestro!BF11:BF70,"finalizado") -> 0 | D15: =IFERROR(C15/J15,0) -> 0 | E15: =COUNTIF(Maestro!BF11:BF70,"en proceso") -> 0 | F15: =IFERROR(E15/J15,0) -> 0 | G15: =COUNTIF(Maestro!BF11:BF70,"sin iniciar") -> 0 | H15: =IFERROR(G15/J15,0) -> 0 | I15: =J15-C15-E15-G15 -> 60 | J15: =COUNTA(Maestro!E11:E70) -> 60 | K15: =REPT("█",ROUND(D15*15,0))&REPT("░",15-ROUND(D15*15,0)) -> ░░░░░░░░░░░░░░░ | L15: =IF(D15=1,"✔ Completo",IF(C15+E15=0,"✖ Sin iniciar",IF(D15>=0.75,"⏫ Avanzado (≥75%)","⏳ En marcha"))) -> ✖ Sin iniciar
B16: Configurar plan de estudios en Banner por MODALIDAD | C16: =COUNTIF(Maestro!BP11:BP70,"finalizado") -> 0 | D16: =IFERROR(C16/J16,0) -> 0 | E16: =COUNTIF(Maestro!BP11:BP70,"en proceso") -> 0 | F16: =IFERROR(E16/J16,0) -> 0 | G16: =COUNTIF(Maestro!BP11:BP70,"sin iniciar") -> 1 | H16: =IFERROR(G16/J16,0) -> 0.016666667 | I16: =J16-C16-E16-G16 -> 59 | J16: =COUNTA(Maestro!E11:E70) -> 60 | K16: =REPT("█",ROUND(D16*15,0))&REPT("░",15-ROUND(D16*15,0)) -> ░░░░░░░░░░░░░░░ | L16: =IF(D16=1,"✔ Completo",IF(C16+E16=0,"✖ Sin iniciar",IF(D16>=0.75,"⏫ Avanzado (≥75%)","⏳ En marcha"))) -> ✖ Sin iniciar
B18: 2. ESTADO POR MODALIDAD
C20: Etapa | D20: Presencial | G20: Virtual | J20: Híbrido
D21: ✔Fin | E21: ⚡Proc | F21: ✖Sin | G21: ✔Fin | H21: ⚡Proc | I21: ✖Sin | J21: ✔Fin | K21: ⚡Proc | L21: ✖Sin
B22: Agregar la fase académica | C22: Plan Virtualización | D22: =COUNTIFS(Maestro!F11:F70,"Presencial",Maestro!R11:R70,"finalizado") -> 0 | E22: =COUNTIFS(Maestro!F11:F70,"Presencial",Maestro!R11:R70,"en proceso") -> 0 | F22: =COUNTIFS(Maestro!F11:F70,"Presencial",Maestro!R11:R70,"sin iniciar") -> 0 | G22: =COUNTIFS(Maestro!F11:F70,"Virtual",Maestro!R11:R70,"finalizado") -> 0 | H22: =COUNTIFS(Maestro!F11:F70,"Virtual",Maestro!R11:R70,"en proceso") -> 0 | I22: =COUNTIFS(Maestro!F11:F70,"Virtual",Maestro!R11:R70,"sin iniciar") -> 0 | J22: =COUNTIFS(Maestro!F11:F70,"Híbrido",Maestro!R11:R70,"finalizado") -> 0 | K22: =COUNTIFS(Maestro!F11:F70,"Híbrido",Maestro!R11:R70,"en proceso") -> 0 | L22: =COUNTIFS(Maestro!F11:F70,"Híbrido",Maestro!R11:R70,"sin iniciar") -> 0
C23: Concepto Financiero | D23: =COUNTIFS(Maestro!F11:F70,"Presencial",Maestro!U11:U70,"finalizado") -> 0 | E23: =COUNTIFS(Maestro!F11:F70,"Presencial",Maestro!U11:U70,"en proceso") -> 0 | F23: =COUNTIFS(Maestro!F11:F70,"Presencial",Maestro!U11:U70,"sin iniciar") -> 0 | G23: =COUNTIFS(Maestro!F11:F70,"Virtual",Maestro!U11:U70,"finalizado") -> 1 | H23: =COUNTIFS(Maestro!F11:F70,"Virtual",Maestro!U11:U70,"en proceso") -> 0 | I23: =COUNTIFS(Maestro!F11:F70,"Virtual",Maestro!U11:U70,"sin iniciar") -> 0 | J23: =COUNTIFS(Maestro!F11:F70,"Híbrido",Maestro!U11:U70,"finalizado") -> 0 | K23: =COUNTIFS(Maestro!F11:F70,"Híbrido",Maestro!U11:U70,"en proceso") -> 0 | L23: =COUNTIFS(Maestro!F11:F70,"Híbrido",Maestro!U11:U70,"sin iniciar") -> 0
C24: Acta Homologación | D24: =COUNTIFS(Maestro!F11:F70,"Presencial",Maestro!AR11:AR70,"finalizado") -> 0 | E24: =COUNTIFS(Maestro!F11:F70,"Presencial",Maestro!AR11:AR70,"en proceso") -> 0 | F24: =COUNTIFS(Maestro!F11:F70,"Presencial",Maestro!AR11:AR70,"sin iniciar") -> 0 | G24: =COUNTIFS(Maestro!F11:F70,"Virtual",Maestro!AR11:AR70,"finalizado") -> 0 | H24: =COUNTIFS(Maestro!F11:F70,"Virtual",Maestro!AR11:AR70,"en proceso") -> 0 | I24: =COUNTIFS(Maestro!F11:F70,"Virtual",Maestro!AR11:AR70,"sin iniciar") -> 0 | J24: =COUNTIFS(Maestro!F11:F70,"Híbrido",Maestro!AR11:AR70,"finalizado") -> 0 | K24: =COUNTIFS(Maestro!F11:F70,"Híbrido",Maestro!AR11:AR70,"en proceso") -> 0 | L24: =COUNTIFS(Maestro!F11:F70,"Híbrido",Maestro!AR11:AR70,"sin iniciar") -> 0
C25: % Avance contenidos | D25: =COUNTIFS(Maestro!F11:F70,"Presencial",Maestro!AQ11:AQ70,">=1") -> 0 | E25: =COUNTIFS(Maestro!F11:F70,"Presencial",Maestro!AQ11:AQ70,">0",Maestro!AQ11:AQ70,"<1") -> 0 | F25: =COUNTIFS(Maestro!F11:F70,"Presencial",Maestro!AQ11:AQ70,0) -> 0 | G25: =COUNTIFS(Maestro!F11:F70,"Virtual",Maestro!AQ11:AQ70,">=1") -> 0 | H25: =COUNTIFS(Maestro!F11:F70,"Virtual",Maestro!AQ11:AQ70,">0",Maestro!AQ11:AQ70,"<1") -> 0 | I25: =COUNTIFS(Maestro!F11:F70,"Virtual",Maestro!AQ11:AQ70,0) -> 0 | J25: =COUNTIFS(Maestro!F11:F70,"Híbrido",Maestro!AQ11:AQ70,">=1") -> 0 | K25: =COUNTIFS(Maestro!F11:F70,"Híbrido",Maestro!AQ11:AQ70,">0",Maestro!AQ11:AQ70,"<1") -> 0 | L25: =COUNTIFS(Maestro!F11:F70,"Híbrido",Maestro!AQ11:AQ70,0) -> 0
C26: Ruta Homologación | D26: =COUNTIFS(Maestro!F11:F70,"Presencial",Maestro!AS11:AS70,"finalizado") -> 0 | E26: =COUNTIFS(Maestro!F11:F70,"Presencial",Maestro!AS11:AS70,"en proceso") -> 0 | F26: =COUNTIFS(Maestro!F11:F70,"Presencial",Maestro!AS11:AS70,"sin iniciar") -> 0 | G26: =COUNTIFS(Maestro!F11:F70,"Virtual",Maestro!AS11:AS70,"finalizado") -> 0 | H26: =COUNTIFS(Maestro!F11:F70,"Virtual",Maestro!AS11:AS70,"en proceso") -> 0 | I26: =COUNTIFS(Maestro!F11:F70,"Virtual",Maestro!AS11:AS70,"sin iniciar") -> 0 | J26: =COUNTIFS(Maestro!F11:F70,"Híbrido",Maestro!AS11:AS70,"finalizado") -> 0 | K26: =COUNTIFS(Maestro!F11:F70,"Híbrido",Maestro!AS11:AS70,"en proceso") -> 0 | L26: =COUNTIFS(Maestro!F11:F70,"Híbrido",Maestro!AS11:AS70,"sin iniciar") -> 0
C27: Aulas máster nueva | D27: =COUNTIFS(Maestro!F11:F70,"Presencial",Maestro!BD11:BD70,"finalizado") -> 0 | E27: =COUNTIFS(Maestro!F11:F70,"Presencial",Maestro!BD11:BD70,"en proceso") -> 0 | F27: =COUNTIFS(Maestro!F11:F70,"Presencial",Maestro!BD11:BD70,"sin iniciar") -> 0 | G27: =COUNTIFS(Maestro!F11:F70,"Virtual",Maestro!BD11:BD70,"finalizado") -> 0 | H27: =COUNTIFS(Maestro!F11:F70,"Virtual",Maestro!BD11:BD70,"en proceso") -> 0 | I27: =COUNTIFS(Maestro!F11:F70,"Virtual",Maestro!BD11:BD70,"sin iniciar") -> 0 | J27: =COUNTIFS(Maestro!F11:F70,"Híbrido",Maestro!BD11:BD70,"finalizado") -> 0 | K27: =COUNTIFS(Maestro!F11:F70,"Híbrido",Maestro!BD11:BD70,"en proceso") -> 0 | L27: =COUNTIFS(Maestro!F11:F70,"Híbrido",Maestro!BD11:BD70,"sin iniciar") -> 0
C28: Aulas máster actual. | D28: =COUNTIFS(Maestro!F11:F70,"Presencial",Maestro!BE11:BE70,"finalizado") -> 0 | E28: =COUNTIFS(Maestro!F11:F70,"Presencial",Maestro!BE11:BE70,"en proceso") -> 0 | F28: =COUNTIFS(Maestro!F11:F70,"Presencial",Maestro!BE11:BE70,"sin iniciar") -> 0 | G28: =COUNTIFS(Maestro!F11:F70,"Virtual",Maestro!BE11:BE70,"finalizado") -> 0 | H28: =COUNTIFS(Maestro!F11:F70,"Virtual",Maestro!BE11:BE70,"en proceso") -> 0 | I28: =COUNTIFS(Maestro!F11:F70,"Virtual",Maestro!BE11:BE70,"sin iniciar") -> 0 | J28: =COUNTIFS(Maestro!F11:F70,"Híbrido",Maestro!BE11:BE70,"finalizado") -> 0 | K28: =COUNTIFS(Maestro!F11:F70,"Híbrido",Maestro!BE11:BE70,"en proceso") -> 0 | L28: =COUNTIFS(Maestro!F11:F70,"Híbrido",Maestro!BE11:BE70,"sin iniciar") -> 0
C29: Conf. activid. eval. | D29: =COUNTIFS(Maestro!F11:F70,"Presencial",Maestro!BF11:BF70,"finalizado") -> 0 | E29: =COUNTIFS(Maestro!F11:F70,"Presencial",Maestro!BF11:BF70,"en proceso") -> 0 | F29: =COUNTIFS(Maestro!F11:F70,"Presencial",Maestro!BF11:BF70,"sin iniciar") -> 0 | G29: =COUNTIFS(Maestro!F11:F70,"Virtual",Maestro!BF11:BF70,"finalizado") -> 0 | H29: =COUNTIFS(Maestro!F11:F70,"Virtual",Maestro!BF11:BF70,"en proceso") -> 0 | I29: =COUNTIFS(Maestro!F11:F70,"Virtual",Maestro!BF11:BF70,"sin iniciar") -> 0 | J29: =COUNTIFS(Maestro!F11:F70,"Híbrido",Maestro!BF11:BF70,"finalizado") -> 0 | K29: =COUNTIFS(Maestro!F11:F70,"Híbrido",Maestro!BF11:BF70,"en proceso") -> 0 | L29: =COUNTIFS(Maestro!F11:F70,"Híbrido",Maestro!BF11:BF70,"sin iniciar") -> 0
C30: Banner por modalidad | D30: =COUNTIFS(Maestro!F11:F70,"Presencial",Maestro!BP11:BP70,"finalizado") -> 0 | E30: =COUNTIFS(Maestro!F11:F70,"Presencial",Maestro!BP11:BP70,"en proceso") -> 0 | F30: =COUNTIFS(Maestro!F11:F70,"Presencial",Maestro!BP11:BP70,"sin iniciar") -> 0 | G30: =COUNTIFS(Maestro!F11:F70,"Virtual",Maestro!BP11:BP70,"finalizado") -> 0 | H30: =COUNTIFS(Maestro!F11:F70,"Virtual",Maestro!BP11:BP70,"en proceso") -> 0 | I30: =COUNTIFS(Maestro!F11:F70,"Virtual",Maestro!BP11:BP70,"sin iniciar") -> 1 | J30: =COUNTIFS(Maestro!F11:F70,"Híbrido",Maestro!BP11:BP70,"finalizado") -> 0 | K30: =COUNTIFS(Maestro!F11:F70,"Híbrido",Maestro!BP11:BP70,"en proceso") -> 0 | L30: =COUNTIFS(Maestro!F11:F70,"Híbrido",Maestro!BP11:BP70,"sin iniciar") -> 0
B33: 3. ESTADO POR PROGRAMA — ⏳ X/6 = tiene avance en X etapas ✖ Pendiente = ninguna etapa iniciada (0/6) | N33: ℹ️ La columna SNIES es el identificador único. Todas las etapas se buscan por SNIES con XLOOKUP → el dashboard no se rompe si cambia el orden en la hoja Maestro.
B34: SNIES | C34: Programa | D34: Facultad | E34: Mod. | F34: Plan Virt. | G34: Concepto Fin. | H34: % Avance | I34: Acta Homol. | J34: Aulas Nueva | K34: Banner | L34: Estado
B35: =IF(Maestro!I11="","",Maestro!I11) -> 111231 | C35: =IF(B35="","",_xlfn.LET(_xlpm.v,_xlfn.XLOOKUP(B35,Maestro!$I$11:$I$70,Maestro!$E$11:$E$70,"—"),IF(_xlpm.v="","—",_xlpm.v))) -> — | D35: =IF(B35="","",SUBSTITUTE(_xlfn.XLOOKUP(B35,Maestro!$I$11:$I$70,Maestro!$C$11:$C$70,"—"),"Facultad de ","")) | E35: =IF(B35="","",_xlfn.LET(_xlpm.v,_xlfn.XLOOKUP(B35,Maestro!$I$11:$I$70,Maestro!$F$11:$F$70,"—"),IF(_xlpm.v="","—",_xlpm.v))) -> — | F35: =IF(B35="","",_xlfn.LET(_xlpm.v,_xlfn.XLOOKUP(B35,Maestro!$I$11:$I$70,Maestro!$R$11:$R$70,"—"),IF(_xlpm.v="","—",IF(LEN(_xlpm.v)>1,UPPER(LEFT(_xlpm.v,1))&MID(_xlpm.v,2,LEN(_xlpm.v)),UPPER(_xlpm.v))))) -> — | G35: =IF(B35="","",_xlfn.LET(_xlpm.v,_xlfn.XLOOKUP(B35,Maestro!$I$11:$I$70,Maestro!$U$11:$U$70,"—"),IF(_xlpm.v="","—",IF(LEN(_xlpm.v)>1,UPPER(LEFT(_xlpm.v,1))&MID(_xlpm.v,2,LEN(_xlpm.v)),UPPER(_xlpm.v))))) -> — | H35: =IF(B35="","",_xlfn.LET(_xlpm.v,_xlfn.XLOOKUP(B35,Maestro!$I$11:$I$70,Maestro!$AQ$11:$AQ$70,"—"),IF(ISNUMBER(_xlpm.v),TEXT(_xlpm.v,"0%"),IF(_xlpm.v="","—",IF(LEN(_xlpm.v)>1,UPPER(LEFT(_xlpm.v,1))&MID(_xlpm.v,2,LEN(_xlpm.v)),UPPER(_xlpm.v)))))) -> — | I35: =IF(B35="","",_xlfn.LET(_xlpm.v,_xlfn.XLOOKUP(B35,Maestro!$I$11:$I$70,Maestro!$AR$11:$AR$70,"—"),IF(_xlpm.v="","—",IF(LEN(_xlpm.v)>1,UPPER(LEFT(_xlpm.v,1))&MID(_xlpm.v,2,LEN(_xlpm.v)),UPPER(_xlpm.v))))) -> — | J35: =IF(B35="","",_xlfn.LET(_xlpm.v,_xlfn.XLOOKUP(B35,Maestro!$I$11:$I$70,Maestro!$BD$11:$BD$70,"—"),IF(_xlpm.v="","—",IF(LEN(_xlpm.v)>1,UPPER(LEFT(_xlpm.v,1))&MID(_xlpm.v,2,LEN(_xlpm.v)),UPPER(_xlpm.v))))) -> — | K35: =IF(B35="","",_xlfn.LET(_xlpm.v,_xlfn.XLOOKUP(B35,Maestro!$I$11:$I$70,Maestro!$BP$11:$BP$70,"—"),IF(_xlpm.v="","—",IF(LEN(_xlpm.v)>1,UPPER(LEFT(_xlpm.v,1))&MID(_xlpm.v,2,LEN(_xlpm.v)),UPPER(_xlpm.v))))) -> — | L35: =IF(B35="","",IF(COUNTIF(F35:K35,"Finalizado")=6,"✔ Completo",IF(COUNTIF(F35:K35,"Finalizado")+COUNTIF(F35:K35,"En proceso")=0,"✖ Pendiente","⏳ "&COUNTIF(F35:K35,"Finalizado")&"/6"))) -> ✖ Pendiente
B36: =IF(Maestro!I12="","",Maestro!I12) -> 101647 | C36: =IF(B36="","",_xlfn.LET(_xlpm.v,_xlfn.XLOOKUP(B36,Maestro!$I$11:$I$70,Maestro!$E$11:$E$70,"—"),IF(_xlpm.v="","—",_xlpm.v))) -> — | D36: =IF(B36="","",SUBSTITUTE(_xlfn.XLOOKUP(B36,Maestro!$I$11:$I$70,Maestro!$C$11:$C$70,"—"),"Facultad de ","")) | E36: =IF(B36="","",_xlfn.LET(_xlpm.v,_xlfn.XLOOKUP(B36,Maestro!$I$11:$I$70,Maestro!$F$11:$F$70,"—"),IF(_xlpm.v="","—",_xlpm.v))) -> — | F36: =IF(B36="","",_xlfn.LET(_xlpm.v,_xlfn.XLOOKUP(B36,Maestro!$I$11:$I$70,Maestro!$R$11:$R$70,"—"),IF(_xlpm.v="","—",IF(LEN(_xlpm.v)>1,UPPER(LEFT(_xlpm.v,1))&MID(_xlpm.v,2,LEN(_xlpm.v)),UPPER(_xlpm.v))))) -> — | G36: =IF(B36="","",_xlfn.LET(_xlpm.v,_xlfn.XLOOKUP(B36,Maestro!$I$11:$I$70,Maestro!$U$11:$U$70,"—"),IF(_xlpm.v="","—",IF(LEN(_xlpm.v)>1,UPPER(LEFT(_xlpm.v,1))&MID(_xlpm.v,2,LEN(_xlpm.v)),UPPER(_xlpm.v))))) -> — | H36: =IF(B36="","",_xlfn.LET(_xlpm.v,_xlfn.XLOOKUP(B36,Maestro!$I$11:$I$70,Maestro!$AQ$11:$AQ$70,"—"),IF(ISNUMBER(_xlpm.v),TEXT(_xlpm.v,"0%"),IF(_xlpm.v="","—",IF(LEN(_xlpm.v)>1,UPPER(LEFT(_xlpm.v,1))&MID(_xlpm.v,2,LEN(_xlpm.v)),UPPER(_xlpm.v)))))) -> — | I36: =IF(B36="","",_xlfn.LET(_xlpm.v,_xlfn.XLOOKUP(B36,Maestro!$I$11:$I$70,Maestro!$AR$11:$AR$70,"—"),IF(_xlpm.v="","—",IF(LEN(_xlpm.v)>1,UPPER(LEFT(_xlpm.v,1))&MID(_xlpm.v,2,LEN(_xlpm.v)),UPPER(_xlpm.v))))) -> — | J36: =IF(B36="","",_xlfn.LET(_xlpm.v,_xlfn.XLOOKUP(B36,Maestro!$I$11:$I$70,Maestro!$BD$11:$BD$70,"—"),IF(_xlpm.v="","—",IF(LEN(_xlpm.v)>1,UPPER(LEFT(_xlpm.v,1))&MID(_xlpm.v,2,LEN(_xlpm.v)),UPPER(_xlpm.v))))) -> — | K36: =IF(B36="","",_xlfn.LET(_xlpm.v,_xlfn.XLOOKUP(B36,Maestro!$I$11:$I$70,Maestro!$BP$11:$BP$70,"—"),IF(_xlpm.v="","—",IF(LEN(_xlpm.v)>1,UPPER(LEFT(_xlpm.v,1))&MID(_xlpm.v,2,LEN(_xlpm.v)),UPPER(_xlpm.v))))) -> — | L36: =IF(B36="","",IF(COUNTIF(F36:K36,"Finalizado")=6,"✔ Completo",IF(COUNTIF(F36:K36,"Finalizado")+COUNTIF(F36:K36,"En proceso")=0,"✖ Pendiente","⏳ "&COUNTIF(F36:K36,"Finalizado")&"/6"))) -> ✖ Pendiente
B37: =IF(Maestro!I13="","",Maestro!I13) -> 102464 | C37: =IF(B37="","",_xlfn.LET(_xlpm.v,_xlfn.XLOOKUP(B37,Maestro!$I$11:$I$70,Maestro!$E$11:$E$70,"—"),IF(_xlpm.v="","—",_xlpm.v))) -> — | D37: =IF(B37="","",SUBSTITUTE(_xlfn.XLOOKUP(B37,Maestro!$I$11:$I$70,Maestro!$C$11:$C$70,"—"),"Facultad de ","")) | E37: =IF(B37="","",_xlfn.LET(_xlpm.v,_xlfn.XLOOKUP(B37,Maestro!$I$11:$I$70,Maestro!$F$11:$F$70,"—"),IF(_xlpm.v="","—",_xlpm.v))) -> — | F37: =IF(B37="","",_xlfn.LET(_xlpm.v,_xlfn.XLOOKUP(B37,Maestro!$I$11:$I$70,Maestro!$R$11:$R$70,"—"),IF(_xlpm.v="","—",IF(LEN(_xlpm.v)>1,UPPER(LEFT(_xlpm.v,1))&MID(_xlpm.v,2,LEN(_xlpm.v)),UPPER(_xlpm.v))))) -> — | G37: =IF(B37="","",_xlfn.LET(_xlpm.v,_xlfn.XLOOKUP(B37,Maestro!$I$11:$I$70,Maestro!$U$11:$U$70,"—"),IF(_xlpm.v="","—",IF(LEN(_xlpm.v)>1,UPPER(LEFT(_xlpm.v,1))&MID(_xlpm.v,2,LEN(_xlpm.v)),UPPER(_xlpm.v))))) -> — | H37: =IF(B37="","",_xlfn.LET(_xlpm.v,_xlfn.XLOOKUP(B37,Maestro!$I$11:$I$70,Maestro!$AQ$11:$AQ$70,"—"),IF(ISNUMBER(_xlpm.v),TEXT(_xlpm.v,"0%"),IF(_xlpm.v="","—",IF(LEN(_xlpm.v)>1,UPPER(LEFT(_xlpm.v,1))&MID(_xlpm.v,2,LEN(_xlpm.v)),UPPER(_xlpm.v)))))) -> — | I37: =IF(B37="","",_xlfn.LET(_xlpm.v,_xlfn.XLOOKUP(B37,Maestro!$I$11:$I$70,Maestro!$AR$11:$AR$70,"—"),IF(_xlpm.v="","—",IF(LEN(_xlpm.v)>1,UPPER(LEFT(_xlpm.v,1))&MID(_xlpm.v,2,LEN(_xlpm.v)),UPPER(_xlpm.v))))) -> — | J37: =IF(B37="","",_xlfn.LET(_xlpm.v,_xlfn.XLOOKUP(B37,Maestro!$I$11:$I$70,Maestro!$BD$11:$BD$70,"—"),IF(_xlpm.v="","—",IF(LEN(_xlpm.v)>1,UPPER(LEFT(_xlpm.v,1))&MID(_xlpm.v,2,LEN(_xlpm.v)),UPPER(_xlpm.v))))) -> — | K37: =IF(B37="","",_xlfn.LET(_xlpm.v,_xlfn.XLOOKUP(B37,Maestro!$I$11:$I$70,Maestro!$BP$11:$BP$70,"—"),IF(_xlpm.v="","—",IF(LEN(_xlpm.v)>1,UPPER(LEFT(_xlpm.v,1))&MID(_xlpm.v,2,LEN(_xlpm.v)),UPPER(_xlpm.v))))) -> — | L37: =IF(B37="","",IF(COUNTIF(F37:K37,"Finalizado")=6,"✔ Completo",IF(COUNTIF(F37:K37,"Finalizado")+COUNTIF(F37:K37,"En proceso")=0,"✖ Pendiente","⏳ "&COUNTIF(F37:K37,"Finalizado")&"/6"))) -> ✖ Pendiente
B38: =IF(Maestro!I14="","",Maestro!I14) -> 107733 | C38: =IF(B38="","",_xlfn.LET(_xlpm.v,_xlfn.XLOOKUP(B38,Maestro!$I$11:$I$70,Maestro!$E$11:$E$70,"—"),IF(_xlpm.v="","—",_xlpm.v))) -> — | D38: =IF(B38="","",SUBSTITUTE(_xlfn.XLOOKUP(B38,Maestro!$I$11:$I$70,Maestro!$C$11:$C$70,"—"),"Facultad de ","")) | E38: =IF(B38="","",_xlfn.LET(_xlpm.v,_xlfn.XLOOKUP(B38,Maestro!$I$11:$I$70,Maestro!$F$11:$F$70,"—"),IF(_xlpm.v="","—",_xlpm.v))) -> — | F38: =IF(B38="","",_xlfn.LET(_xlpm.v,_xlfn.XLOOKUP(B38,Maestro!$I$11:$I$70,Maestro!$R$11:$R$70,"—"),IF(_xlpm.v="","—",IF(LEN(_xlpm.v)>1,UPPER(LEFT(_xlpm.v,1))&MID(_xlpm.v,2,LEN(_xlpm.v)),UPPER(_xlpm.v))))) -> — | G38: =IF(B38="","",_xlfn.LET(_xlpm.v,_xlfn.XLOOKUP(B38,Maestro!$I$11:$I$70,Maestro!$U$11:$U$70,"—"),IF(_xlpm.v="","—",IF(LEN(_xlpm.v)>1,UPPER(LEFT(_xlpm.v,1))&MID(_xlpm.v,2,LEN(_xlpm.v)),UPPER(_xlpm.v))))) -> — | H38: =IF(B38="","",_xlfn.LET(_xlpm.v,_xlfn.XLOOKUP(B38,Maestro!$I$11:$I$70,Maestro!$AQ$11:$AQ$70,"—"),IF(ISNUMBER(_xlpm.v),TEXT(_xlpm.v,"0%"),IF(_xlpm.v="","—",IF(LEN(_xlpm.v)>1,UPPER(LEFT(_xlpm.v,1))&MID(_xlpm.v,2,LEN(_xlpm.v)),UPPER(_xlpm.v)))))) -> — | I38: =IF(B38="","",_xlfn.LET(_xlpm.v,_xlfn.XLOOKUP(B38,Maestro!$I$11:$I$70,Maestro!$AR$11:$AR$70,"—"),IF(_xlpm.v="","—",IF(LEN(_xlpm.v)>1,UPPER(LEFT(_xlpm.v,1))&MID(_xlpm.v,2,LEN(_xlpm.v)),UPPER(_xlpm.v))))) -> — | J38: =IF(B38="","",_xlfn.LET(_xlpm.v,_xlfn.XLOOKUP(B38,Maestro!$I$11:$I$70,Maestro!$BD$11:$BD$70,"—"),IF(_xlpm.v="","—",IF(LEN(_xlpm.v)>1,UPPER(LEFT(_xlpm.v,1))&MID(_xlpm.v,2,LEN(_xlpm.v)),UPPER(_xlpm.v))))) -> — | K38: =IF(B38="","",_xlfn.LET(_xlpm.v,_xlfn.XLOOKUP(B38,Maestro!$I$11:$I$70,Maestro!$BP$11:$BP$70,"—"),IF(_xlpm.v="","—",IF(LEN(_xlpm.v)>1,UPPER(LEFT(_xlpm.v,1))&MID(_xlpm.v,2,LEN(_xlpm.v)),UPPER(_xlpm.v))))) -> — | L38: =IF(B38="","",IF(COUNTIF(F38:K38,"Finalizado")=6,"✔ Completo",IF(COUNTIF(F38:K38,"Finalizado")+COUNTIF(F38:K38,"En proceso")=0,"✖ Pendiente","⏳ "&COUNTIF(F38:K38,"Finalizado")&"/6"))) -> ✖ Pendiente
B39: =IF(Maestro!I15="","",Maestro!I15) -> 101525 | C39: =IF(B39="","",_xlfn.LET(_xlpm.v,_xlfn.XLOOKUP(B39,Maestro!$I$11:$I$70,Maestro!$E$11:$E$70,"—"),IF(_xlpm.v="","—",_xlpm.v))) -> — | D39: =IF(B39="","",SUBSTITUTE(_xlfn.XLOOKUP(B39,Maestro!$I$11:$I$70,Maestro!$C$11:$C$70,"—"),"Facultad de ","")) | E39: =IF(B39="","",_xlfn.LET(_xlpm.v,_xlfn.XLOOKUP(B39,Maestro!$I$11:$I$70,Maestro!$F$11:$F$70,"—"),IF(_xlpm.v="","—",_xlpm.v))) -> — | F39: =IF(B39="","",_xlfn.LET(_xlpm.v,_xlfn.XLOOKUP(B39,Maestro!$I$11:$I$70,Maestro!$R$11:$R$70,"—"),IF(_xlpm.v="","—",IF(LEN(_xlpm.v)>1,UPPER(LEFT(_xlpm.v,1))&MID(_xlpm.v,2,LEN(_xlpm.v)),UPPER(_xlpm.v))))) -> — | G39: =IF(B39="","",_xlfn.LET(_xlpm.v,_xlfn.XLOOKUP(B39,Maestro!$I$11:$I$70,Maestro!$U$11:$U$70,"—"),IF(_xlpm.v="","—",IF(LEN(_xlpm.v)>1,UPPER(LEFT(_xlpm.v,1))&MID(_xlpm.v,2,LEN(_xlpm.v)),UPPER(_xlpm.v))))) -> — | H39: =IF(B39="","",_xlfn.LET(_xlpm.v,_xlfn.XLOOKUP(B39,Maestro!$I$11:$I$70,Maestro!$AQ$11:$AQ$70,"—"),IF(ISNUMBER(_xlpm.v),TEXT(_xlpm.v,"0%"),IF(_xlpm.v="","—",IF(LEN(_xlpm.v)>1,UPPER(LEFT(_xlpm.v,1))&MID(_xlpm.v,2,LEN(_xlpm.v)),UPPER(_xlpm.v)))))) -> — | I39: =IF(B39="","",_xlfn.LET(_xlpm.v,_xlfn.XLOOKUP(B39,Maestro!$I$11:$I$70,Maestro!$AR$11:$AR$70,"—"),IF(_xlpm.v="","—",IF(LEN(_xlpm.v)>1,UPPER(LEFT(_xlpm.v,1))&MID(_xlpm.v,2,LEN(_xlpm.v)),UPPER(_xlpm.v))))) -> — | J39: =IF(B39="","",_xlfn.LET(_xlpm.v,_xlfn.XLOOKUP(B39,Maestro!$I$11:$I$70,Maestro!$BD$11:$BD$70,"—"),IF(_xlpm.v="","—",IF(LEN(_xlpm.v)>1,UPPER(LEFT(_xlpm.v,1))&MID(_xlpm.v,2,LEN(_xlpm.v)),UPPER(_xlpm.v))))) -> — | K39: =IF(B39="","",_xlfn.LET(_xlpm.v,_xlfn.XLOOKUP(B39,Maestro!$I$11:$I$70,Maestro!$BP$11:$BP$70,"—"),IF(_xlpm.v="","—",IF(LEN(_xlpm.v)>1,UPPER(LEFT(_xlpm.v,1))&MID(_xlpm.v,2,LEN(_xlpm.v)),UPPER(_xlpm.v))))) -> — | L39: =IF(B39="","",IF(COUNTIF(F39:K39,"Finalizado")=6,"✔ Completo",IF(COUNTIF(F39:K39,"Finalizado")+COUNTIF(F39:K39,"En proceso")=0,"✖ Pendiente","⏳ "&COUNTIF(F39:K39,"Finalizado")&"/6"))) -> ✖ Pendiente
B40: =IF(Maestro!I16="","",Maestro!I16) -> 111116 | C40: =IF(B40="","",_xlfn.LET(_xlpm.v,_xlfn.XLOOKUP(B40,Maestro!$I$11:$I$70,Maestro!$E$11:$E$70,"—"),IF(_xlpm.v="","—",_xlpm.v))) -> — | D40: =IF(B40="","",SUBSTITUTE(_xlfn.XLOOKUP(B40,Maestro!$I$11:$I$70,Maestro!$C$11:$C$70,"—"),"Facultad de ","")) | E40: =IF(B40="","",_xlfn.LET(_xlpm.v,_xlfn.XLOOKUP(B40,Maestro!$I$11:$I$70,Maestro!$F$11:$F$70,"—"),IF(_xlpm.v="","—",_xlpm.v))) -> — | F40: =IF(B40="","",_xlfn.LET(_xlpm.v,_xlfn.XLOOKUP(B40,Maestro!$I$11:$I$70,Maestro!$R$11:$R$70,"—"),IF(_xlpm.v="","—",IF(LEN(_xlpm.v)>1,UPPER(LEFT(_xlpm.v,1))&MID(_xlpm.v,2,LEN(_xlpm.v)),UPPER(_xlpm.v))))) -> — | G40: =IF(B40="","",_xlfn.LET(_xlpm.v,_xlfn.XLOOKUP(B40,Maestro!$I$11:$I$70,Maestro!$U$11:$U$70,"—"),IF(_xlpm.v="","—",IF(LEN(_xlpm.v)>1,UPPER(LEFT(_xlpm.v,1))&MID(_xlpm.v,2,LEN(_xlpm.v)),UPPER(_xlpm.v))))) -> — | H40: =IF(B40="","",_xlfn.LET(_xlpm.v,_xlfn.XLOOKUP(B40,Maestro!$I$11:$I$70,Maestro!$AQ$11:$AQ$70,"—"),IF(ISNUMBER(_xlpm.v),TEXT(_xlpm.v,"0%"),IF(_xlpm.v="","—",IF(LEN(_xlpm.v)>1,UPPER(LEFT(_xlpm.v,1))&MID(_xlpm.v,2,LEN(_xlpm.v)),UPPER(_xlpm.v)))))) -> — | I40: =IF(B40="","",_xlfn.LET(_xlpm.v,_xlfn.XLOOKUP(B40,Maestro!$I$11:$I$70,Maestro!$AR$11:$AR$70,"—"),IF(_xlpm.v="","—",IF(LEN(_xlpm.v)>1,UPPER(LEFT(_xlpm.v,1))&MID(_xlpm.v,2,LEN(_xlpm.v)),UPPER(_xlpm.v))))) -> — | J40: =IF(B40="","",_xlfn.LET(_xlpm.v,_xlfn.XLOOKUP(B40,Maestro!$I$11:$I$70,Maestro!$BD$11:$BD$70,"—"),IF(_xlpm.v="","—",IF(LEN(_xlpm.v)>1,UPPER(LEFT(_xlpm.v,1))&MID(_xlpm.v,2,LEN(_xlpm.v)),UPPER(_xlpm.v))))) -> — | K40: =IF(B40="","",_xlfn.LET(_xlpm.v,_xlfn.XLOOKUP(B40,Maestro!$I$11:$I$70,Maestro!$BP$11:$BP$70,"—"),IF(_xlpm.v="","—",IF(LEN(_xlpm.v)>1,UPPER(LEFT(_xlpm.v,1))&MID(_xlpm.v,2,LEN(_xlpm.v)),UPPER(_xlpm.v))))) -> — | L40: =IF(B40="","",IF(COUNTIF(F40:K40,"Finalizado")=6,"✔ Completo",IF(COUNTIF(F40:K40,"Finalizado")+COUNTIF(F40:K40,"En proceso")=0,"✖ Pendiente","⏳ "&COUNTIF(F40:K40,"Finalizado")&"/6"))) -> ✖ Pendiente
B41: =IF(Maestro!I17="","",Maestro!I17) -> 101388 | C41: =IF(B41="","",_xlfn.LET(_xlpm.v,_xlfn.XLOOKUP(B41,Maestro!$I$11:$I$70,Maestro!$E$11:$E$70,"—"),IF(_xlpm.v="","—",_xlpm.v))) -> — | D41: =IF(B41="","",SUBSTITUTE(_xlfn.XLOOKUP(B41,Maestro!$I$11:$I$70,Maestro!$C$11:$C$70,"—"),"Facultad de ","")) | E41: =IF(B41="","",_xlfn.LET(_xlpm.v,_xlfn.XLOOKUP(B41,Maestro!$I$11:$I$70,Maestro!$F$11:$F$70,"—"),IF(_xlpm.v="","—",_xlpm.v))) -> — | F41: =IF(B41="","",_xlfn.LET(_xlpm.v,_xlfn.XLOOKUP(B41,Maestro!$I$11:$I$70,Maestro!$R$11:$R$70,"—"),IF(_xlpm.v="","—",IF(LEN(_xlpm.v)>1,UPPER(LEFT(_xlpm.v,1))&MID(_xlpm.v,2,LEN(_xlpm.v)),UPPER(_xlpm.v))))) -> — | G41: =IF(B41="","",_xlfn.LET(_xlpm.v,_xlfn.XLOOKUP(B41,Maestro!$I$11:$I$70,Maestro!$U$11:$U$70,"—"),IF(_xlpm.v="","—",IF(LEN(_xlpm.v)>1,UPPER(LEFT(_xlpm.v,1))&MID(_xlpm.v,2,LEN(_xlpm.v)),UPPER(_xlpm.v))))) -> — | H41: =IF(B41="","",_xlfn.LET(_xlpm.v,_xlfn.XLOOKUP(B41,Maestro!$I$11:$I$70,Maestro!$AQ$11:$AQ$70,"—"),IF(ISNUMBER(_xlpm.v),TEXT(_xlpm.v,"0%"),IF(_xlpm.v="","—",IF(LEN(_xlpm.v)>1,UPPER(LEFT(_xlpm.v,1))&MID(_xlpm.v,2,LEN(_xlpm.v)),UPPER(_xlpm.v)))))) -> — | I41: =IF(B41="","",_xlfn.LET(_xlpm.v,_xlfn.XLOOKUP(B41,Maestro!$I$11:$I$70,Maestro!$AR$11:$AR$70,"—"),IF(_xlpm.v="","—",IF(LEN(_xlpm.v)>1,UPPER(LEFT(_xlpm.v,1))&MID(_xlpm.v,2,LEN(_xlpm.v)),UPPER(_xlpm.v))))) -> — | J41: =IF(B41="","",_xlfn.LET(_xlpm.v,_xlfn.XLOOKUP(B41,Maestro!$I$11:$I$70,Maestro!$BD$11:$BD$70,"—"),IF(_xlpm.v="","—",IF(LEN(_xlpm.v)>1,UPPER(LEFT(_xlpm.v,1))&MID(_xlpm.v,2,LEN(_xlpm.v)),UPPER(_xlpm.v))))) -> — | K41: =IF(B41="","",_xlfn.LET(_xlpm.v,_xlfn.XLOOKUP(B41,Maestro!$I$11:$I$70,Maestro!$BP$11:$BP$70,"—"),IF(_xlpm.v="","—",IF(LEN(_xlpm.v)>1,UPPER(LEFT(_xlpm.v,1))&MID(_xlpm.v,2,LEN(_xlpm.v)),UPPER(_xlpm.v))))) -> — | L41: =IF(B41="","",IF(COUNTIF(F41:K41,"Finalizado")=6,"✔ Completo",IF(COUNTIF(F41:K41,"Finalizado")+COUNTIF(F41:K41,"En proceso")=0,"✖ Pendiente","⏳ "&COUNTIF(F41:K41,"Finalizado")&"/6"))) -> ✖ Pendiente
B42: =IF(Maestro!I18="","",Maestro!I18) -> 54534 | C42: =IF(B42="","",_xlfn.LET(_xlpm.v,_xlfn.XLOOKUP(B42,Maestro!$I$11:$I$70,Maestro!$E$11:$E$70,"—"),IF(_xlpm.v="","—",_xlpm.v))) -> — | D42: =IF(B42="","",SUBSTITUTE(_xlfn.XLOOKUP(B42,Maestro!$I$11:$I$70,Maestro!$C$11:$C$70,"—"),"Facultad de ","")) | E42: =IF(B42="","",_xlfn.LET(_xlpm.v,_xlfn.XLOOKUP(B42,Maestro!$I$11:$I$70,Maestro!$F$11:$F$70,"—"),IF(_xlpm.v="","—",_xlpm.v))) -> — | F42: =IF(B42="","",_xlfn.LET(_xlpm.v,_xlfn.XLOOKUP(B42,Maestro!$I$11:$I$70,Maestro!$R$11:$R$70,"—"),IF(_xlpm.v="","—",IF(LEN(_xlpm.v)>1,UPPER(LEFT(_xlpm.v,1))&MID(_xlpm.v,2,LEN(_xlpm.v)),UPPER(_xlpm.v))))) -> — | G42: =IF(B42="","",_xlfn.LET(_xlpm.v,_xlfn.XLOOKUP(B42,Maestro!$I$11:$I$70,Maestro!$U$11:$U$70,"—"),IF(_xlpm.v="","—",IF(LEN(_xlpm.v)>1,UPPER(LEFT(_xlpm.v,1))&MID(_xlpm.v,2,LEN(_xlpm.v)),UPPER(_xlpm.v))))) -> — | H42: =IF(B42="","",_xlfn.LET(_xlpm.v,_xlfn.XLOOKUP(B42,Maestro!$I$11:$I$70,Maestro!$AQ$11:$AQ$70,"—"),IF(ISNUMBER(_xlpm.v),TEXT(_xlpm.v,"0%"),IF(_xlpm.v="","—",IF(LEN(_xlpm.v)>1,UPPER(LEFT(_xlpm.v,1))&MID(_xlpm.v,2,LEN(_xlpm.v)),UPPER(_xlpm.v)))))) -> — | I42: =IF(B42="","",_xlfn.LET(_xlpm.v,_xlfn.XLOOKUP(B42,Maestro!$I$11:$I$70,Maestro!$AR$11:$AR$70,"—"),IF(_xlpm.v="","—",IF(LEN(_xlpm.v)>1,UPPER(LEFT(_xlpm.v,1))&MID(_xlpm.v,2,LEN(_xlpm.v)),UPPER(_xlpm.v))))) -> — | J42: =IF(B42="","",_xlfn.LET(_xlpm.v,_xlfn.XLOOKUP(B42,Maestro!$I$11:$I$70,Maestro!$BD$11:$BD$70,"—"),IF(_xlpm.v="","—",IF(LEN(_xlpm.v)>1,UPPER(LEFT(_xlpm.v,1))&MID(_xlpm.v,2,LEN(_xlpm.v)),UPPER(_xlpm.v))))) -> — | K42: =IF(B42="","",_xlfn.LET(_xlpm.v,_xlfn.XLOOKUP(B42,Maestro!$I$11:$I$70,Maestro!$BP$11:$BP$70,"—"),IF(_xlpm.v="","—",IF(LEN(_xlpm.v)>1,UPPER(LEFT(_xlpm.v,1))&MID(_xlpm.v,2,LEN(_xlpm.v)),UPPER(_xlpm.v))))) -> — | L42: =IF(B42="","",IF(COUNTIF(F42:K42,"Finalizado")=6,"✔ Completo",IF(COUNTIF(F42:K42,"Finalizado")+COUNTIF(F42:K42,"En proceso")=0,"✖ Pendiente","⏳ "&COUNTIF(F42:K42,"Finalizado")&"/6"))) -> ✖ Pendiente
B43: =IF(Maestro!I19="","",Maestro!I19) -> 102743 | C43: =IF(B43="","",_xlfn.LET(_xlpm.v,_xlfn.XLOOKUP(B43,Maestro!$I$11:$I$70,Maestro!$E$11:$E$70,"—"),IF(_xlpm.v="","—",_xlpm.v))) -> — | D43: =IF(B43="","",SUBSTITUTE(_xlfn.XLOOKUP(B43,Maestro!$I$11:$I$70,Maestro!$C$11:$C$70,"—"),"Facultad de ","")) | E43: =IF(B43="","",_xlfn.LET(_xlpm.v,_xlfn.XLOOKUP(B43,Maestro!$I$11:$I$70,Maestro!$F$11:$F$70,"—"),IF(_xlpm.v="","—",_xlpm.v))) -> — | F43: =IF(B43="","",_xlfn.LET(_xlpm.v,_xlfn.XLOOKUP(B43,Maestro!$I$11:$I$70,Maestro!$R$11:$R$70,"—"),IF(_xlpm.v="","—",IF(LEN(_xlpm.v)>1,UPPER(LEFT(_xlpm.v,1))&MID(_xlpm.v,2,LEN(_xlpm.v)),UPPER(_xlpm.v))))) -> — | G43: =IF(B43="","",_xlfn.LET(_xlpm.v,_xlfn.XLOOKUP(B43,Maestro!$I$11:$I$70,Maestro!$U$11:$U$70,"—"),IF(_xlpm.v="","—",IF(LEN(_xlpm.v)>1,UPPER(LEFT(_xlpm.v,1))&MID(_xlpm.v,2,LEN(_xlpm.v)),UPPER(_xlpm.v))))) -> — | H43: =IF(B43="","",_xlfn.LET(_xlpm.v,_xlfn.XLOOKUP(B43,Maestro!$I$11:$I$70,Maestro!$AQ$11:$AQ$70,"—"),IF(ISNUMBER(_xlpm.v),TEXT(_xlpm.v,"0%"),IF(_xlpm.v="","—",IF(LEN(_xlpm.v)>1,UPPER(LEFT(_xlpm.v,1))&MID(_xlpm.v,2,LEN(_xlpm.v)),UPPER(_xlpm.v)))))) -> — | I43: =IF(B43="","",_xlfn.LET(_xlpm.v,_xlfn.XLOOKUP(B43,Maestro!$I$11:$I$70,Maestro!$AR$11:$AR$70,"—"),IF(_xlpm.v="","—",IF(LEN(_xlpm.v)>1,UPPER(LEFT(_xlpm.v,1))&MID(_xlpm.v,2,LEN(_xlpm.v)),UPPER(_xlpm.v))))) -> — | J43: =IF(B43="","",_xlfn.LET(_xlpm.v,_xlfn.XLOOKUP(B43,Maestro!$I$11:$I$70,Maestro!$BD$11:$BD$70,"—"),IF(_xlpm.v="","—",IF(LEN(_xlpm.v)>1,UPPER(LEFT(_xlpm.v,1))&MID(_xlpm.v,2,LEN(_xlpm.v)),UPPER(_xlpm.v))))) -> — | K43: =IF(B43="","",_xlfn.LET(_xlpm.v,_xlfn.XLOOKUP(B43,Maestro!$I$11:$I$70,Maestro!$BP$11:$BP$70,"—"),IF(_xlpm.v="","—",IF(LEN(_xlpm.v)>1,UPPER(LEFT(_xlpm.v,1))&MID(_xlpm.v,2,LEN(_xlpm.v)),UPPER(_xlpm.v))))) -> — | L43: =IF(B43="","",IF(COUNTIF(F43:K43,"Finalizado")=6,"✔ Completo",IF(COUNTIF(F43:K43,"Finalizado")+COUNTIF(F43:K43,"En proceso")=0,"✖ Pendiente","⏳ "&COUNTIF(F43:K43,"Finalizado")&"/6"))) -> ✖ Pendiente
B44: =IF(Maestro!I20="","",Maestro!I20) -> 10561 | C44: =IF(B44="","",_xlfn.LET(_xlpm.v,_xlfn.XLOOKUP(B44,Maestro!$I$11:$I$70,Maestro!$E$11:$E$70,"—"),IF(_xlpm.v="","—",_xlpm.v))) -> — | D44: =IF(B44="","",SUBSTITUTE(_xlfn.XLOOKUP(B44,Maestro!$I$11:$I$70,Maestro!$C$11:$C$70,"—"),"Facultad de ","")) | E44: =IF(B44="","",_xlfn.LET(_xlpm.v,_xlfn.XLOOKUP(B44,Maestro!$I$11:$I$70,Maestro!$F$11:$F$70,"—"),IF(_xlpm.v="","—",_xlpm.v))) -> — | F44: =IF(B44="","",_xlfn.LET(_xlpm.v,_xlfn.XLOOKUP(B44,Maestro!$I$11:$I$70,Maestro!$R$11:$R$70,"—"),IF(_xlpm.v="","—",IF(LEN(_xlpm.v)>1,UPPER(LEFT(_xlpm.v,1))&MID(_xlpm.v,2,LEN(_xlpm.v)),UPPER(_xlpm.v))))) -> — | G44: =IF(B44="","",_xlfn.LET(_xlpm.v,_xlfn.XLOOKUP(B44,Maestro!$I$11:$I$70,Maestro!$U$11:$U$70,"—"),IF(_xlpm.v="","—",IF(LEN(_xlpm.v)>1,UPPER(LEFT(_xlpm.v,1))&MID(_xlpm.v,2,LEN(_xlpm.v)),UPPER(_xlpm.v))))) -> — | H44: =IF(B44="","",_xlfn.LET(_xlpm.v,_xlfn.XLOOKUP(B44,Maestro!$I$11:$I$70,Maestro!$AQ$11:$AQ$70,"—"),IF(ISNUMBER(_xlpm.v),TEXT(_xlpm.v,"0%"),IF(_xlpm.v="","—",IF(LEN(_xlpm.v)>1,UPPER(LEFT(_xlpm.v,1))&MID(_xlpm.v,2,LEN(_xlpm.v)),UPPER(_xlpm.v)))))) -> — | I44: =IF(B44="","",_xlfn.LET(_xlpm.v,_xlfn.XLOOKUP(B44,Maestro!$I$11:$I$70,Maestro!$AR$11:$AR$70,"—"),IF(_xlpm.v="","—",IF(LEN(_xlpm.v)>1,UPPER(LEFT(_xlpm.v,1))&MID(_xlpm.v,2,LEN(_xlpm.v)),UPPER(_xlpm.v))))) -> — | J44: =IF(B44="","",_xlfn.LET(_xlpm.v,_xlfn.XLOOKUP(B44,Maestro!$I$11:$I$70,Maestro!$BD$11:$BD$70,"—"),IF(_xlpm.v="","—",IF(LEN(_xlpm.v)>1,UPPER(LEFT(_xlpm.v,1))&MID(_xlpm.v,2,LEN(_xlpm.v)),UPPER(_xlpm.v))))) -> — | K44: =IF(B44="","",_xlfn.LET(_xlpm.v,_xlfn.XLOOKUP(B44,Maestro!$I$11:$I$70,Maestro!$BP$11:$BP$70,"—"),IF(_xlpm.v="","—",IF(LEN(_xlpm.v)>1,UPPER(LEFT(_xlpm.v,1))&MID(_xlpm.v,2,LEN(_xlpm.v)),UPPER(_xlpm.v))))) -> — | L44: =IF(B44="","",IF(COUNTIF(F44:K44,"Finalizado")=6,"✔ Completo",IF(COUNTIF(F44:K44,"Finalizado")+COUNTIF(F44:K44,"En proceso")=0,"✖ Pendiente","⏳ "&COUNTIF(F44:K44,"Finalizado")&"/6"))) -> ✖ Pendiente
B45: =IF(Maestro!I21="","",Maestro!I21) -> 102473 | C45: =IF(B45="","",_xlfn.LET(_xlpm.v,_xlfn.XLOOKUP(B45,Maestro!$I$11:$I$70,Maestro!$E$11:$E$70,"—"),IF(_xlpm.v="","—",_xlpm.v))) -> — | D45: =IF(B45="","",SUBSTITUTE(_xlfn.XLOOKUP(B45,Maestro!$I$11:$I$70,Maestro!$C$11:$C$70,"—"),"Facultad de ","")) | E45: =IF(B45="","",_xlfn.LET(_xlpm.v,_xlfn.XLOOKUP(B45,Maestro!$I$11:$I$70,Maestro!$F$11:$F$70,"—"),IF(_xlpm.v="","—",_xlpm.v))) -> — | F45: =IF(B45="","",_xlfn.LET(_xlpm.v,_xlfn.XLOOKUP(B45,Maestro!$I$11:$I$70,Maestro!$R$11:$R$70,"—"),IF(_xlpm.v="","—",IF(LEN(_xlpm.v)>1,UPPER(LEFT(_xlpm.v,1))&MID(_xlpm.v,2,LEN(_xlpm.v)),UPPER(_xlpm.v))))) -> — | G45: =IF(B45="","",_xlfn.LET(_xlpm.v,_xlfn.XLOOKUP(B45,Maestro!$I$11:$I$70,Maestro!$U$11:$U$70,"—"),IF(_xlpm.v="","—",IF(LEN(_xlpm.v)>1,UPPER(LEFT(_xlpm.v,1))&MID(_xlpm.v,2,LEN(_xlpm.v)),UPPER(_xlpm.v))))) -> — | H45: =IF(B45="","",_xlfn.LET(_xlpm.v,_xlfn.XLOOKUP(B45,Maestro!$I$11:$I$70,Maestro!$AQ$11:$AQ$70,"—"),IF(ISNUMBER(_xlpm.v),TEXT(_xlpm.v,"0%"),IF(_xlpm.v="","—",IF(LEN(_xlpm.v)>1,UPPER(LEFT(_xlpm.v,1))&MID(_xlpm.v,2,LEN(_xlpm.v)),UPPER(_xlpm.v)))))) -> — | I45: =IF(B45="","",_xlfn.LET(_xlpm.v,_xlfn.XLOOKUP(B45,Maestro!$I$11:$I$70,Maestro!$AR$11:$AR$70,"—"),IF(_xlpm.v="","—",IF(LEN(_xlpm.v)>1,UPPER(LEFT(_xlpm.v,1))&MID(_xlpm.v,2,LEN(_xlpm.v)),UPPER(_xlpm.v))))) -> — | J45: =IF(B45="","",_xlfn.LET(_xlpm.v,_xlfn.XLOOKUP(B45,Maestro!$I$11:$I$70,Maestro!$BD$11:$BD$70,"—"),IF(_xlpm.v="","—",IF(LEN(_xlpm.v)>1,UPPER(LEFT(_xlpm.v,1))&MID(_xlpm.v,2,LEN(_xlpm.v)),UPPER(_xlpm.v))))) -> — | K45: =IF(B45="","",_xlfn.LET(_xlpm.v,_xlfn.XLOOKUP(B45,Maestro!$I$11:$I$70,Maestro!$BP$11:$BP$70,"—"),IF(_xlpm.v="","—",IF(LEN(_xlpm.v)>1,UPPER(LEFT(_xlpm.v,1))&MID(_xlpm.v,2,LEN(_xlpm.v)),UPPER(_xlpm.v))))) -> — | L45: =IF(B45="","",IF(COUNTIF(F45:K45,"Finalizado")=6,"✔ Completo",IF(COUNTIF(F45:K45,"Finalizado")+COUNTIF(F45:K45,"En proceso")=0,"✖ Pendiente","⏳ "&COUNTIF(F45:K45,"Finalizado")&"/6"))) -> ✖ Pendiente
B46: =IF(Maestro!I22="","",Maestro!I22) -> 101389 | C46: =IF(B46="","",_xlfn.LET(_xlpm.v,_xlfn.XLOOKUP(B46,Maestro!$I$11:$I$70,Maestro!$E$11:$E$70,"—"),IF(_xlpm.v="","—",_xlpm.v))) -> — | D46: =IF(B46="","",SUBSTITUTE(_xlfn.XLOOKUP(B46,Maestro!$I$11:$I$70,Maestro!$C$11:$C$70,"—"),"Facultad de ","")) | E46: =IF(B46="","",_xlfn.LET(_xlpm.v,_xlfn.XLOOKUP(B46,Maestro!$I$11:$I$70,Maestro!$F$11:$F$70,"—"),IF(_xlpm.v="","—",_xlpm.v))) -> — | F46: =IF(B46="","",_xlfn.LET(_xlpm.v,_xlfn.XLOOKUP(B46,Maestro!$I$11:$I$70,Maestro!$R$11:$R$70,"—"),IF(_xlpm.v="","—",IF(LEN(_xlpm.v)>1,UPPER(LEFT(_xlpm.v,1))&MID(_xlpm.v,2,LEN(_xlpm.v)),UPPER(_xlpm.v))))) -> — | G46: =IF(B46="","",_xlfn.LET(_xlpm.v,_xlfn.XLOOKUP(B46,Maestro!$I$11:$I$70,Maestro!$U$11:$U$70,"—"),IF(_xlpm.v="","—",IF(LEN(_xlpm.v)>1,UPPER(LEFT(_xlpm.v,1))&MID(_xlpm.v,2,LEN(_xlpm.v)),UPPER(_xlpm.v))))) -> — | H46: =IF(B46="","",_xlfn.LET(_xlpm.v,_xlfn.XLOOKUP(B46,Maestro!$I$11:$I$70,Maestro!$AQ$11:$AQ$70,"—"),IF(ISNUMBER(_xlpm.v),TEXT(_xlpm.v,"0%"),IF(_xlpm.v="","—",IF(LEN(_xlpm.v)>1,UPPER(LEFT(_xlpm.v,1))&MID(_xlpm.v,2,LEN(_xlpm.v)),UPPER(_xlpm.v)))))) -> — | I46: =IF(B46="","",_xlfn.LET(_xlpm.v,_xlfn.XLOOKUP(B46,Maestro!$I$11:$I$70,Maestro!$AR$11:$AR$70,"—"),IF(_xlpm.v="","—",IF(LEN(_xlpm.v)>1,UPPER(LEFT(_xlpm.v,1))&MID(_xlpm.v,2,LEN(_xlpm.v)),UPPER(_xlpm.v))))) -> — | J46: =IF(B46="","",_xlfn.LET(_xlpm.v,_xlfn.XLOOKUP(B46,Maestro!$I$11:$I$70,Maestro!$BD$11:$BD$70,"—"),IF(_xlpm.v="","—",IF(LEN(_xlpm.v)>1,UPPER(LEFT(_xlpm.v,1))&MID(_xlpm.v,2,LEN(_xlpm.v)),UPPER(_xlpm.v))))) -> — | K46: =IF(B46="","",_xlfn.LET(_xlpm.v,_xlfn.XLOOKUP(B46,Maestro!$I$11:$I$70,Maestro!$BP$11:$BP$70,"—"),IF(_xlpm.v="","—",IF(LEN(_xlpm.v)>1,UPPER(LEFT(_xlpm.v,1))&MID(_xlpm.v,2,LEN(_xlpm.v)),UPPER(_xlpm.v))))) -> — | L46: =IF(B46="","",IF(COUNTIF(F46:K46,"Finalizado")=6,"✔ Completo",IF(COUNTIF(F46:K46,"Finalizado")+COUNTIF(F46:K46,"En proceso")=0,"✖ Pendiente","⏳ "&COUNTIF(F46:K46,"Finalizado")&"/6"))) -> ✖ Pendiente
... B94: =IF(Maestro!I70="","",Maestro!I70) -> 54768 | C94: =IF(B94="","",_xlfn.LET(_xlpm.v,_xlfn.XLOOKUP(B94,Maestro!$I$11:$I$70,Maestro!$E$11:$E$70,"—"),IF(_xlpm.v="","—",_xlpm.v))) -> Especialización en Gerencia de Mercadeo | D94: =IF(B94="","",SUBSTITUTE(_xlfn.XLOOKUP(B94,Maestro!$I$11:$I$70,Maestro!$C$11:$C$70,"—"),"Facultad de ","")) -> Sociedad, Cultura y Creatividad | E94: =IF(B94="","",_xlfn.LET(_xlpm.v,_xlfn.XLOOKUP(B94,Maestro!$I$11:$I$70,Maestro!$F$11:$F$70,"—"),IF(_xlpm.v="","—",_xlpm.v))) -> Virtual | F94: =IF(B94="","",_xlfn.LET(_xlpm.v,_xlfn.XLOOKUP(B94,Maestro!$I$11:$I$70,Maestro!$R$11:$R$70,"—"),IF(_xlpm.v="","—",IF(LEN(_xlpm.v)>1,UPPER(LEFT(_xlpm.v,1))&MID(_xlpm.v,2,LEN(_xlpm.v)),UPPER(_xlpm.v))))) -> — | G94: =IF(B94="","",_xlfn.LET(_xlpm.v,_xlfn.XLOOKUP(B94,Maestro!$I$11:$I$70,Maestro!$U$11:$U$70,"—"),IF(_xlpm.v="","—",IF(LEN(_xlpm.v)>1,UPPER(LEFT(_xlpm.v,1))&MID(_xlpm.v,2,LEN(_xlpm.v)),UPPER(_xlpm.v))))) -> Finalizado | H94: =IF(B94="","",_xlfn.LET(_xlpm.v,_xlfn.XLOOKUP(B94,Maestro!$I$11:$I$70,Maestro!$AQ$11:$AQ$70,"—"),IF(ISNUMBER(_xlpm.v),TEXT(_xlpm.v,"0%"),IF(_xlpm.v="","—",IF(LEN(_xlpm.v)>1,UPPER(LEFT(_xlpm.v,1))&MID(_xlpm.v,2,LEN(_xlpm.v)),UPPER(_xlpm.v)))))) -> — | I94: =IF(B94="","",_xlfn.LET(_xlpm.v,_xlfn.XLOOKUP(B94,Maestro!$I$11:$I$70,Maestro!$AR$11:$AR$70,"—"),IF(_xlpm.v="","—",IF(LEN(_xlpm.v)>1,UPPER(LEFT(_xlpm.v,1))&MID(_xlpm.v,2,LEN(_xlpm.v)),UPPER(_xlpm.v))))) -> — | J94: =IF(B94="","",_xlfn.LET(_xlpm.v,_xlfn.XLOOKUP(B94,Maestro!$I$11:$I$70,Maestro!$BD$11:$BD$70,"—"),IF(_xlpm.v="","—",IF(LEN(_xlpm.v)>1,UPPER(LEFT(_xlpm.v,1))&MID(_xlpm.v,2,LEN(_xlpm.v)),UPPER(_xlpm.v))))) -> — | K94: =IF(B94="","",_xlfn.LET(_xlpm.v,_xlfn.XLOOKUP(B94,Maestro!$I$11:$I$70,Maestro!$BP$11:$BP$70,"—"),IF(_xlpm.v="","—",IF(LEN(_xlpm.v)>1,UPPER(LEFT(_xlpm.v,1))&MID(_xlpm.v,2,LEN(_xlpm.v)),UPPER(_xlpm.v))))) -> Sin iniciar | L94: =IF(B94="","",IF(COUNTIF(F94:K94,"Finalizado")=6,"✔ Completo",IF(COUNTIF(F94:K94,"Finalizado")+COUNTIF(F94:K94,"En proceso")=0,"✖ Pendiente","⏳ "&COUNTIF(F94:K94,"Finalizado")&"/6"))) -> ⏳ 1/6

Sheet Maestro
O3: CONTROL MAESTRO DE REFORMA CURRICULAR
J4: en proceso
J5: finalizado
J6: sin iniciar
J8: DIRECCIÓN DE CURRÍCULO VICERRECTORÍA ACADÉMICA | S8: DIRECCIÓN DE PLANEACIÓN FINANCIERA | V8: VICERRECTORÍA ACADÉMICA | AC8: DIRECCIÓN DE ASEGURAMIENTO DE LA CALIDAD | AI8: GERENCIA DE PLANEACIÓN Y GESTIÓN INSTITUCIONAL | AL8: GERENCIA EDUCACIÓN VIRTUAL | AR8: CONVENIOS INSTITUCIONALES | BD8: GERENCIA DE OPERACIONES | BQ8: GERENCIA DE MERCADEO
C9: INFORMACIÓN GENERAL DE PROGRAMA | J9: GESTIÓN ACADÉMICA | S9: Formato de proyecciones académicas y financieras | T9: CONCEPTO SECRETARIA ACADÉMICA Y DOCENCIA | U9: CONCEPTO FINANCIERO | V9: APROBACIÓN IMPLEMENTACIÓN | AA9: FORMALIZACIÓN DE LA REFORMA/ASEGURAMIENTO DE LA CALIDAD | AL9: PRODUCCIÓN DE CONTENIDOS | AR9: CONVENIOS INSTITUCIONALES | BD9: PARAMETRIZAR REFORMA EN BANNER | BQ9: PUBLICACIÓN PROGRAMA EN PAGINA WEB | BT9: FECHA DE CREACIÓN OFERTA | BU9: FECHA INICIO MATRÍCULAS | BV9: PERIODO DE IMPLEMENTACIÓN | BW9: ESTADO GENERAL DE LA REFORMA | BZ9: 12 FC aprobados vrs 3 programas para 20262.
C10: FACULTAD | D10: ESCUELA | E10: NOMBRE DEL PROGRAMA | F10: MODALIDAD | G10: NIVEL | H10: SEDE | I10: SNIES VIGENTE | J10: Formato creación de programas Banner | K10: Instrumento de verificación curricular | L10: LA REFORMA CUMPLE CON LA POLITICA CURRICULAR | M10: Formato RA Escuelas | N10: Formato RA Aseguramiento de la Calidad | O10: Acta de consejo de facultad | P10: SYLLABUS COMPLETOS | Q10: Número de syllabus | R10: PLAN DE VIRTUALIZACIÓN | W10: Formato de proyecciones académicas y financieras | X10: CONCEPTO SECRETARIA ACADÉMICA Y DOCENCIA | Y10: CONCEPTO FINANCIERO | Z10: APROBACIÓN IMPLEMENTACIÓN | AA10: Tipo de trámite de aseguramiento de la calidad | AB10: Estado del trámite | AC10: Fecha de Documentos de notificación MEN | AD10: APROBACIÓN CONSEJO DE DELEGADOS # acta | AF10: ¿Requiere informarse al MEN previa implementación? | AG10: ¿Requiere aprobación ministerial? | AH10: APROBACIÓN MINISTERIO DE EDUCACIÓN # resolución | AI10: CORREO PARA IMPLEMENTACIÓN | AL10: NÚMERO DE MÓDULOS NUEVOS | AM10: NÚMERO DE MÓDULOS POR ACTUALIZAR | AN10: TOTAL MÓDULOS CON CAMBIOS | AO10: FECHA INICIO | AP10: FECHA FIN | AQ10: % avance | AR10: Acta de homologación | AS10: Ruta sugerida programa homologación/articulación convenio | AT10: Formato reconocimiento de competencias o resultados de aprendizaje para homologación | AU10: Formato acta currículo articulación SENA | AV10: Formato acta currículo homologación/convenios | AZ10: % avance | BA10: % avance contenidos virtuales | BD10: Aulas máster nueva | BE10: Aulas máster actualizada | BF10: Parametrizar y configurar actividades evaluativas | BG10: Total Aulas Master | BH10: Avance de Aulas Master | BI10: Configurar plan de estudios en Banner | BJ10: % de Avance | BK10: Elaborar plan de estudios pdf | BL10: Publicar plan de estudios en Web | BP10: Configurar plan de estudios en Banner | BQ10: Elaborar plan de estudios pdf | BR10: Publicar plan de estudios en Web | BS10: Planeación la formación a los equipos comerciales y de servicio
C11: =IFERROR(_xlfn.XLOOKUP($I11,#REF!,#REF!,""),"") | D11: =IFERROR(_xlfn.XLOOKUP($I11,#REF!,#REF!,""),"") | E11: =IFERROR(_xlfn.XLOOKUP($I11,#REF!,#REF!,""),"") | F11: =IFERROR(_xlfn.XLOOKUP($I11,#REF!,#REF!,""),"") | G11: =IFERROR(_xlfn.XLOOKUP($I11,#REF!,#REF!,""),"") | H11: =IFERROR(_xlfn.XLOOKUP($I11,#REF!,#REF!,""),"") | I11: 111231 | J11: {=IFERROR(_xlfn.XLOOKUP($I11,#REF!,_xlfn.XLOOKUP(J$10,#REF!,#REF!,"",0,1),""),"")} | K11: {=IFERROR(_xlfn.XLOOKUP($I11,#REF!,_xlfn.XLOOKUP(K$10,#REF!,#REF!,"",0,1),""),"")} | L11: {=IFERROR(_xlfn.XLOOKUP($I11,#REF!,_xlfn.XLOOKUP(L$10,#REF!,#REF!,"",0,1),""),"")} | M11: {=IFERROR(_xlfn.XLOOKUP($I11,#REF!,_xlfn.XLOOKUP(M$10,#REF!,#REF!,"",0,1),""),"")} | N11: {=IFERROR(_xlfn.XLOOKUP($I11,#REF!,_xlfn.XLOOKUP(N$10,#REF!,#REF!,"",0,1),""),"")} | O11: {=IFERROR(_xlfn.XLOOKUP($I11,#REF!,_xlfn.XLOOKUP(O$10,#REF!,#REF!,"",0,1),""),"")} | P11: {=IFERROR(_xlfn.XLOOKUP($I11,#REF!,_xlfn.XLOOKUP(P$10,#REF!,#REF!,"",0,1),""),"")} | Q11: {=IFERROR(_xlfn.XLOOKUP($I11,#REF!,_xlfn.XLOOKUP(Q$10,#REF!,#REF!,"",0,1),""),"")} | R11: {=IFERROR(_xlfn.XLOOKUP($I11,#REF!,_xlfn.XLOOKUP(R$10,#REF!,#REF!,"",0,1),""),"")} | S11: =IFERROR(_xlfn.XLOOKUP($I11,#REF!,#REF!,""),"") | T11: =IFERROR(_xlfn.XLOOKUP($I11,#REF!,#REF!,""),"") | U11: =IFERROR(_xlfn.XLOOKUP($I11,#REF!,#REF!,""),"") | V11: =IFERROR(_xlfn.XLOOKUP($I11,#REF!,#REF!,""),"") | W11: {=IFERROR(_xlfn.XLOOKUP($I11,#REF!,_xlfn.XLOOKUP(W$10,#REF!,#REF!,"",0,1),""),"")} | X11: {=IFERROR(_xlfn.XLOOKUP($I11,#REF!,_xlfn.XLOOKUP(X$10,#REF!,#REF!,"",0,1),""),"")} | Y11: {=IFERROR(_xlfn.XLOOKUP($I11,#REF!,_xlfn.XLOOKUP(Y$10,#REF!,#REF!,"",0,1),""),"")} | Z11: {=IFERROR(_xlfn.XLOOKUP($I11,#REF!,_xlfn.XLOOKUP(Z$10,#REF!,#REF!,"",0,1),""),"")} | AA11: {=IFERROR(_xlfn.XLOOKUP($I11,#REF!,_xlfn.XLOOKUP(AA$10,#REF!,#REF!,"",0,1),""),"")} | AB11: {=IFERROR(_xlfn.XLOOKUP($I11,#REF!,_xlfn.XLOOKUP(AB$10,#REF!,#REF!,"",0,1),""),"")} | AC11: {=IFERROR(_xlfn.XLOOKUP($I11,#REF!,_xlfn.XLOOKUP(AC$10,#REF!,#REF!,"",0,1),""),"")} | AD11: {=IFERROR(_xlfn.XLOOKUP($I11,#REF!,_xlfn.XLOOKUP(AD$10,#REF!,#REF!,"",0,1),""),"")} | AF11: {=IFERROR(_xlfn.XLOOKUP($I11,#REF!,_xlfn.XLOOKUP(AF$10,#REF!,#REF!,"",0,1),""),"")} | AG11: {=IFERROR(_xlfn.XLOOKUP($I11,#REF!,_xlfn.XLOOKUP(AG$10,#REF!,#REF!,"",0,1),""),"")} | AH11: {=IFERROR(_xlfn.XLOOKUP($I11,#REF!,_xlfn.XLOOKUP(AH$10,#REF!,#REF!,"",0,1),""),"")} | AI11: {=IFERROR(_xlfn.XLOOKUP($I11,#REF!,_xlfn.XLOOKUP(AI$10,#REF!,#REF!,"",0,1),""),"")} | AL11: {=IFERROR(_xlfn.XLOOKUP($I11,#REF!,_xlfn.XLOOKUP(AL$10,#REF!,#REF!,"",0,1),""),"")} | AM11: {=IFERROR(_xlfn.XLOOKUP($I11,#REF!,_xlfn.XLOOKUP(AM$10,#REF!,#REF!,"",0,1),""),"")} | AN11: {=IFERROR(_xlfn.XLOOKUP($I11,#REF!,_xlfn.XLOOKUP(AN$10,#REF!,#REF!,"",0,1),""),"")} | AO11: {=IFERROR(_xlfn.XLOOKUP($I11,#REF!,_xlfn.XLOOKUP(AO$10,#REF!,#REF!,"",0,1),""),"")} | AP11: {=IFERROR(_xlfn.XLOOKUP($I11,#REF!,_xlfn.XLOOKUP(AP$10,#REF!,#REF!,"",0,1),""),"")} | AQ11: {=IFERROR(_xlfn.XLOOKUP($I11,#REF!,_xlfn.XLOOKUP(AQ$10,#REF!,#REF!,"",0,1),""),"")} | AR11: {=IFERROR(_xlfn.XLOOKUP($I11,#REF!,_xlfn.XLOOKUP(AR$10,#REF!,#REF!,"",0,1),""),"")} | AS11: {=IFERROR(_xlfn.XLOOKUP($I11,#REF!,_xlfn.XLOOKUP(AS$10,#REF!,#REF!,"",0,1),""),"")} | ... AV11: {=IFERROR(_xlfn.XLOOKUP($I11,#REF!,_xlfn.XLOOKUP(AV$10,#REF!,#REF!,"",0,1),""),"")} | AW11: =IFERROR(_xlfn.XLOOKUP($I11,#REF!,#REF!,""),"") | AX11: =IFERROR(_xlfn.XLOOKUP($I11,#REF!,#REF!,""),"") | AY11: =IFERROR(_xlfn.XLOOKUP($I11,#REF!,#REF!,""),"") | AZ11: {=IFERROR(_xlfn.XLOOKUP($I11,#REF!,_xlfn.XLOOKUP(AZ$10,#REF!,#REF!,"",0,1),""),"")} | BA11: {=IFERROR(_xlfn.XLOOKUP($I11,#REF!,_xlfn.XLOOKUP(BA$10,#REF!,#REF!,"",0,1),""),"")} | BB11: =IFERROR(_xlfn.XLOOKUP($I11,#REF!,#REF!,""),"") | BC11: =IFERROR(_xlfn.XLOOKUP($I11,#REF!,#REF!,""),"") | BD11: {=IFERROR(_xlfn.XLOOKUP($I11,#REF!,_xlfn.XLOOKUP(BD$10,#REF!,#REF!,"",0,1),""),"")} | BE11: {=IFERROR(_xlfn.XLOOKUP($I11,#REF!,_xlfn.XLOOKUP(BE$10,#REF!,#REF!,"",0,1),""),"")} | BF11: {=IFERROR(_xlfn.XLOOKUP($I11,#REF!,_xlfn.XLOOKUP(BF$10,#REF!,#REF!,"",0,1),""),"")} | BG11: {=IFERROR(_xlfn.XLOOKUP($I11,#REF!,_xlfn.XLOOKUP(BG$10,#REF!,#REF!,"",0,1),""),"")} | BH11: {=IFERROR(_xlfn.XLOOKUP($I11,#REF!,_xlfn.XLOOKUP(BH$10,#REF!,#REF!,"",0,1),""),"")} | BI11: {=IFERROR(_xlfn.XLOOKUP($I11,#REF!,_xlfn.XLOOKUP(BI$10,#REF!,#REF!,"",0,1),""),"")} | BJ11: {=IFERROR(_xlfn.XLOOKUP($I11,#REF!,_xlfn.XLOOKUP(BJ$10,#REF!,#REF!,"",0,1),""),"")} | BK11: {=IFERROR(_xlfn.XLOOKUP($I11,#REF!,_xlfn.XLOOKUP(BK$10,#REF!,#REF!,"",0,1),""),"")} | BL11: {=IFERROR(_xlfn.XLOOKUP($I11,#REF!,_xlfn.XLOOKUP(BL$10,#REF!,#REF!,"",0,1),""),"")} | BM11: =IFERROR(_xlfn.XLOOKUP($I11,#REF!,#REF!,""),"") | BN11: =IFERROR(_xlfn.XLOOKUP($I11,#REF!,#REF!,""),"") | BO11: =IFERROR(_xlfn.XLOOKUP($I11,#REF!,#REF!,""),"") | BP11: {=IFERROR(_xlfn.XLOOKUP($I11,#REF!,_xlfn.XLOOKUP(BP$10,#REF!,#REF!,"",0,1),""),"")} | BQ11: =IFERROR(_xlfn.XLOOKUP($I11,#REF!,#REF!,""),"") | BR11: =IFERROR(_xlfn.XLOOKUP($I11,#REF!,#REF!,""),"") | BS11: =IFERROR(_xlfn.XLOOKUP($I11,#REF!,#REF!,""),"") | BT11: =IFERROR(_xlfn.XLOOKUP($I11,#REF!,#REF!,""),"") | BU11: =IFERROR(_xlfn.XLOOKUP($I11,#REF!,#REF!,""),"") | BV11: =IFERROR(_xlfn.XLOOKUP($I11,#REF!,#REF!,""),"") | BW11: =IFERROR(_xlfn.XLOOKUP($I11,#REF!,#REF!,""),"")
C12: =IFERROR(_xlfn.XLOOKUP($I12,#REF!,#REF!,""),"") | D12: =IFERROR(_xlfn.XLOOKUP($I12,#REF!,#REF!,""),"") | E12: =IFERROR(_xlfn.XLOOKUP($I12,#REF!,#REF!,""),"") | F12: =IFERROR(_xlfn.XLOOKUP($I12,#REF!,#REF!,""),"") | G12: =IFERROR(_xlfn.XLOOKUP($I12,#REF!,#REF!,""),"") | H12: =IFERROR(_xlfn.XLOOKUP($I12,#REF!,#REF!,""),"") | I12: 101647 | J12: {=IFERROR(_xlfn.XLOOKUP($I12,#REF!,_xlfn.XLOOKUP(J$10,#REF!,#REF!,"",0,1),""),"")} | K12: {=IFERROR(_xlfn.XLOOKUP($I12,#REF!,_xlfn.XLOOKUP(K$10,#REF!,#REF!,"",0,1),""),"")} | L12: {=IFERROR(_xlfn.XLOOKUP($I12,#REF!,_xlfn.XLOOKUP(L$10,#REF!,#REF!,"",0,1),""),"")} | M12: {=IFERROR(_xlfn.XLOOKUP($I12,#REF!,_xlfn.XLOOKUP(M$10,#REF!,#REF!,"",0,1),""),"")} | N12: {=IFERROR(_xlfn.XLOOKUP($I12,#REF!,_xlfn.XLOOKUP(N$10,#REF!,#REF!,"",0,1),""),"")} | O12: {=IFERROR(_xlfn.XLOOKUP($I12,#REF!,_xlfn.XLOOKUP(O$10,#REF!,#REF!,"",0,1),""),"")} | P12: {=IFERROR(_xlfn.XLOOKUP($I12,#REF!,_xlfn.XLOOKUP(P$10,#REF!,#REF!,"",0,1),""),"")} | Q12: {=IFERROR(_xlfn.XLOOKUP($I12,#REF!,_xlfn.XLOOKUP(Q$10,#REF!,#REF!,"",0,1),""),"")} | R12: {=IFERROR(_xlfn.XLOOKUP($I12,#REF!,_xlfn.XLOOKUP(R$10,#REF!,#REF!,"",0,1),""),"")} | S12: =IFERROR(_xlfn.XLOOKUP($I12,#REF!,#REF!,""),"") | T12: =IFERROR(_xlfn.XLOOKUP($I12,#REF!,#REF!,""),"") | U12: =IFERROR(_xlfn.XLOOKUP($I12,#REF!,#REF!,""),"") | V12: =IFERROR(_xlfn.XLOOKUP($I12,#REF!,#REF!,""),"") | W12: {=IFERROR(_xlfn.XLOOKUP($I12,#REF!,_xlfn.XLOOKUP(W$10,#REF!,#REF!,"",0,1),""),"")} | X12: {=IFERROR(_xlfn.XLOOKUP($I12,#REF!,_xlfn.XLOOKUP(X$10,#REF!,#REF!,"",0,1),""),"")} | Y12: {=IFERROR(_xlfn.XLOOKUP($I12,#REF!,_xlfn.XLOOKUP(Y$10,#REF!,#REF!,"",0,1),""),"")} | Z12: {=IFERROR(_xlfn.XLOOKUP($I12,#REF!,_xlfn.XLOOKUP(Z$10,#REF!,#REF!,"",0,1),""),"")} | AA12: {=IFERROR(_xlfn.XLOOKUP($I12,#REF!,_xlfn.XLOOKUP(AA$10,#REF!,#REF!,"",0,1),""),"")} | AB12: {=IFERROR(_xlfn.XLOOKUP($I12,#REF!,_xlfn.XLOOKUP(AB$10,#REF!,#REF!,"",0,1),""),"")} | AC12: {=IFERROR(_xlfn.XLOOKUP($I12,#REF!,_xlfn.XLOOKUP(AC$10,#REF!,#REF!,"",0,1),""),"")} | AD12: {=IFERROR(_xlfn.XLOOKUP($I12,#REF!,_xlfn.XLOOKUP(AD$10,#REF!,#REF!,"",0,1),""),"")} | AF12: {=IFERROR(_xlfn.XLOOKUP($I12,#REF!,_xlfn.XLOOKUP(AF$10,#REF!,#REF!,"",0,1),""),"")} | AG12: {=IFERROR(_xlfn.XLOOKUP($I12,#REF!,_xlfn.XLOOKUP(AG$10,#REF!,#REF!,"",0,1),""),"")} | AH12: {=IFERROR(_xlfn.XLOOKUP($I12,#REF!,_xlfn.XLOOKUP(AH$10,#REF!,#REF!,"",0,1),""),"")} | AI12: {=IFERROR(_xlfn.XLOOKUP($I12,#REF!,_xlfn.XLOOKUP(AI$10,#REF!,#REF!,"",0,1),""),"")} | AL12: {=IFERROR(_xlfn.XLOOKUP($I12,#REF!,_xlfn.XLOOKUP(AL$10,#REF!,#REF!,"",0,1),""),"")} | AM12: {=IFERROR(_xlfn.XLOOKUP($I12,#REF!,_xlfn.XLOOKUP(AM$10,#REF!,#REF!,"",0,1),""),"")} | AN12: {=IFERROR(_xlfn.XLOOKUP($I12,#REF!,_xlfn.XLOOKUP(AN$10,#REF!,#REF!,"",0,1),""),"")} | AO12: {=IFERROR(_xlfn.XLOOKUP($I12,#REF!,_xlfn.XLOOKUP(AO$10,#REF!,#REF!,"",0,1),""),"")} | AP12: {=IFERROR(_xlfn.XLOOKUP($I12,#REF!,_xlfn.XLOOKUP(AP$10,#REF!,#REF!,"",0,1),""),"")} | AQ12: {=IFERROR(_xlfn.XLOOKUP($I12,#REF!,_xlfn.XLOOKUP(AQ$10,#REF!,#REF!,"",0,1),""),"")} | AR12: {=IFERROR(_xlfn.XLOOKUP($I12,#REF!,_xlfn.XLOOKUP(AR$10,#REF!,#REF!,"",0,1),""),"")} | AS12: {=IFERROR(_xlfn.XLOOKUP($I12,#REF!,_xlfn.XLOOKUP(AS$10,#REF!,#REF!,"",0,1),""),"")} | ... AV12: {=IFERROR(_xlfn.XLOOKUP($I12,#REF!,_xlfn.XLOOKUP(AV$10,#REF!,#REF!,"",0,1),""),"")} | AW12: =IFERROR(_xlfn.XLOOKUP($I12,#REF!,#REF!,""),"") | AX12: =IFERROR(_xlfn.XLOOKUP($I12,#REF!,#REF!,""),"") | AY12: =IFERROR(_xlfn.XLOOKUP($I12,#REF!,#REF!,""),"") | AZ12: {=IFERROR(_xlfn.XLOOKUP($I12,#REF!,_xlfn.XLOOKUP(AZ$10,#REF!,#REF!,"",0,1),""),"")} | BA12: {=IFERROR(_xlfn.XLOOKUP($I12,#REF!,_xlfn.XLOOKUP(BA$10,#REF!,#REF!,"",0,1),""),"")} | BB12: =IFERROR(_xlfn.XLOOKUP($I12,#REF!,#REF!,""),"") | BC12: =IFERROR(_xlfn.XLOOKUP($I12,#REF!,#REF!,""),"") | BD12: {=IFERROR(_xlfn.XLOOKUP($I12,#REF!,_xlfn.XLOOKUP(BD$10,#REF!,#REF!,"",0,1),""),"")} | BE12: {=IFERROR(_xlfn.XLOOKUP($I12,#REF!,_xlfn.XLOOKUP(BE$10,#REF!,#REF!,"",0,1),""),"")} | BF12: {=IFERROR(_xlfn.XLOOKUP($I12,#REF!,_xlfn.XLOOKUP(BF$10,#REF!,#REF!,"",0,1),""),"")} | BG12: {=IFERROR(_xlfn.XLOOKUP($I12,#REF!,_xlfn.XLOOKUP(BG$10,#REF!,#REF!,"",0,1),""),"")} | BH12: {=IFERROR(_xlfn.XLOOKUP($I12,#REF!,_xlfn.XLOOKUP(BH$10,#REF!,#REF!,"",0,1),""),"")} | BI12: {=IFERROR(_xlfn.XLOOKUP($I12,#REF!,_xlfn.XLOOKUP(BI$10,#REF!,#REF!,"",0,1),""),"")} | BJ12: {=IFERROR(_xlfn.XLOOKUP($I12,#REF!,_xlfn.XLOOKUP(BJ$10,#REF!,#REF!,"",0,1),""),"")} | BK12: {=IFERROR(_xlfn.XLOOKUP($I12,#REF!,_xlfn.XLOOKUP(BK$10,#REF!,#REF!,"",0,1),""),"")} | BL12: {=IFERROR(_xlfn.XLOOKUP($I12,#REF!,_xlfn.XLOOKUP(BL$10,#REF!,#REF!,"",0,1),""),"")} | BM12: =IFERROR(_xlfn.XLOOKUP($I12,#REF!,#REF!,""),"") | BN12: =IFERROR(_xlfn.XLOOKUP($I12,#REF!,#REF!,""),"") | BO12: =IFERROR(_xlfn.XLOOKUP($I12,#REF!,#REF!,""),"") | BP12: {=IFERROR(_xlfn.XLOOKUP($I12,#REF!,_xlfn.XLOOKUP(BP$10,#REF!,#REF!,"",0,1),""),"")} | BQ12: =IFERROR(_xlfn.XLOOKUP($I12,#REF!,#REF!,""),"") | BR12: =IFERROR(_xlfn.XLOOKUP($I12,#REF!,#REF!,""),"") | BS12: =IFERROR(_xlfn.XLOOKUP($I12,#REF!,#REF!,""),"") | BT12: =IFERROR(_xlfn.XLOOKUP($I12,#REF!,#REF!,""),"") | BU12: =IFERROR(_xlfn.XLOOKUP($I12,#REF!,#REF!,""),"") | BV12: =IFERROR(_xlfn.XLOOKUP($I12,#REF!,#REF!,""),"") | BW12: =IFERROR(_xlfn.XLOOKUP($I12,#REF!,#REF!,""),"")
C13: =IFERROR(_xlfn.XLOOKUP($I13,#REF!,#REF!,""),"") | D13: =IFERROR(_xlfn.XLOOKUP($I13,#REF!,#REF!,""),"") | E13: =IFERROR(_xlfn.XLOOKUP($I13,#REF!,#REF!,""),"") | F13: =IFERROR(_xlfn.XLOOKUP($I13,#REF!,#REF!,""),"") | G13: =IFERROR(_xlfn.XLOOKUP($I13,#REF!,#REF!,""),"") | H13: =IFERROR(_xlfn.XLOOKUP($I13,#REF!,#REF!,""),"") | I13: 102464 | J13: {=IFERROR(_xlfn.XLOOKUP($I13,#REF!,_xlfn.XLOOKUP(J$10,#REF!,#REF!,"",0,1),""),"")} | K13: {=IFERROR(_xlfn.XLOOKUP($I13,#REF!,_xlfn.XLOOKUP(K$10,#REF!,#REF!,"",0,1),""),"")} | L13: {=IFERROR(_xlfn.XLOOKUP($I13,#REF!,_xlfn.XLOOKUP(L$10,#REF!,#REF!,"",0,1),""),"")} | M13: {=IFERROR(_xlfn.XLOOKUP($I13,#REF!,_xlfn.XLOOKUP(M$10,#REF!,#REF!,"",0,1),""),"")} | N13: {=IFERROR(_xlfn.XLOOKUP($I13,#REF!,_xlfn.XLOOKUP(N$10,#REF!,#REF!,"",0,1),""),"")} | O13: {=IFERROR(_xlfn.XLOOKUP($I13,#REF!,_xlfn.XLOOKUP(O$10,#REF!,#REF!,"",0,1),""),"")} | P13: {=IFERROR(_xlfn.XLOOKUP($I13,#REF!,_xlfn.XLOOKUP(P$10,#REF!,#REF!,"",0,1),""),"")} | Q13: {=IFERROR(_xlfn.XLOOKUP($I13,#REF!,_xlfn.XLOOKUP(Q$10,#REF!,#REF!,"",0,1),""),"")} | R13: {=IFERROR(_xlfn.XLOOKUP($I13,#REF!,_xlfn.XLOOKUP(R$10,#REF!,#REF!,"",0,1),""),"")} | S13: =IFERROR(_xlfn.XLOOKUP($I13,#REF!,#REF!,""),"") | T13: =IFERROR(_xlfn.XLOOKUP($I13,#REF!,#REF!,""),"") | U13: =IFERROR(_xlfn.XLOOKUP($I13,#REF!,#REF!,""),"") | V13: =IFERROR(_xlfn.XLOOKUP($I13,#REF!,#REF!,""),"") | W13: {=IFERROR(_xlfn.XLOOKUP($I13,#REF!,_xlfn.XLOOKUP(W$10,#REF!,#REF!,"",0,1),""),"")} | X13: {=IFERROR(_xlfn.XLOOKUP($I13,#REF!,_xlfn.XLOOKUP(X$10,#REF!,#REF!,"",0,1),""),"")} | Y13: {=IFERROR(_xlfn.XLOOKUP($I13,#REF!,_xlfn.XLOOKUP(Y$10,#REF!,#REF!,"",0,1),""),"")} | Z13: {=IFERROR(_xlfn.XLOOKUP($I13,#REF!,_xlfn.XLOOKUP(Z$10,#REF!,#REF!,"",0,1),""),"")} | AA13: {=IFERROR(_xlfn.XLOOKUP($I13,#REF!,_xlfn.XLOOKUP(AA$10,#REF!,#REF!,"",0,1),""),"")} | AB13: {=IFERROR(_xlfn.XLOOKUP($I13,#REF!,_xlfn.XLOOKUP(AB$10,#REF!,#REF!,"",0,1),""),"")} | AC13: {=IFERROR(_xlfn.XLOOKUP($I13,#REF!,_xlfn.XLOOKUP(AC$10,#REF!,#REF!,"",0,1),""),"")} | AD13: {=IFERROR(_xlfn.XLOOKUP($I13,#REF!,_xlfn.XLOOKUP(AD$10,#REF!,#REF!,"",0,1),""),"")} | AF13: {=IFERROR(_xlfn.XLOOKUP($I13,#REF!,_xlfn.XLOOKUP(AF$10,#REF!,#REF!,"",0,1),""),"")} | AG13: {=IFERROR(_xlfn.XLOOKUP($I13,#REF!,_xlfn.XLOOKUP(AG$10,#REF!,#REF!,"",0,1),""),"")} | AH13: {=IFERROR(_xlfn.XLOOKUP($I13,#REF!,_xlfn.XLOOKUP(AH$10,#REF!,#REF!,"",0,1),""),"")} | AI13: {=IFERROR(_xlfn.XLOOKUP($I13,#REF!,_xlfn.XLOOKUP(AI$10,#REF!,#REF!,"",0,1),""),"")} | AL13: {=IFERROR(_xlfn.XLOOKUP($I13,#REF!,_xlfn.XLOOKUP(AL$10,#REF!,#REF!,"",0,1),""),"")} | AM13: {=IFERROR(_xlfn.XLOOKUP($I13,#REF!,_xlfn.XLOOKUP(AM$10,#REF!,#REF!,"",0,1),""),"")} | AN13: {=IFERROR(_xlfn.XLOOKUP($I13,#REF!,_xlfn.XLOOKUP(AN$10,#REF!,#REF!,"",0,1),""),"")} | AO13: {=IFERROR(_xlfn.XLOOKUP($I13,#REF!,_xlfn.XLOOKUP(AO$10,#REF!,#REF!,"",0,1),""),"")} | AP13: {=IFERROR(_xlfn.XLOOKUP($I13,#REF!,_xlfn.XLOOKUP(AP$10,#REF!,#REF!,"",0,1),""),"")} | AQ13: {=IFERROR(_xlfn.XLOOKUP($I13,#REF!,_xlfn.XLOOKUP(AQ$10,#REF!,#REF!,"",0,1),""),"")} | AR13: {=IFERROR(_xlfn.XLOOKUP($I13,#REF!,_xlfn.XLOOKUP(AR$10,#REF!,#REF!,"",0,1),""),"")} | AS13: {=IFERROR(_xlfn.XLOOKUP($I13,#REF!,_xlfn.XLOOKUP(AS$10,#REF!,#REF!,"",0,1),""),"")} | ... AV13: {=IFERROR(_xlfn.XLOOKUP($I13,#REF!,_xlfn.XLOOKUP(AV$10,#REF!,#REF!,"",0,1),""),"")} | AW13: =IFERROR(_xlfn.XLOOKUP($I13,#REF!,#REF!,""),"") | AX13: =IFERROR(_xlfn.XLOOKUP($I13,#REF!,#REF!,""),"") | AY13: =IFERROR(_xlfn.XLOOKUP($I13,#REF!,#REF!,""),"") | AZ13: {=IFERROR(_xlfn.XLOOKUP($I13,#REF!,_xlfn.XLOOKUP(AZ$10,#REF!,#REF!,"",0,1),""),"")} | BA13: {=IFERROR(_xlfn.XLOOKUP($I13,#REF!,_xlfn.XLOOKUP(BA$10,#REF!,#REF!,"",0,1),""),"")} | BB13: =IFERROR(_xlfn.XLOOKUP($I13,#REF!,#REF!,""),"") | BC13: =IFERROR(_xlfn.XLOOKUP($I13,#REF!,#REF!,""),"") | BD13: {=IFERROR(_xlfn.XLOOKUP($I13,#REF!,_xlfn.XLOOKUP(BD$10,#REF!,#REF!,"",0,1),""),"")} | BE13: {=IFERROR(_xlfn.XLOOKUP($I13,#REF!,_xlfn.XLOOKUP(BE$10,#REF!,#REF!,"",0,1),""),"")} | BF13: {=IFERROR(_xlfn.XLOOKUP($I13,#REF!,_xlfn.XLOOKUP(BF$10,#REF!,#REF!,"",0,1),""),"")} | BG13: {=IFERROR(_xlfn.XLOOKUP($I13,#REF!,_xlfn.XLOOKUP(BG$10,#REF!,#REF!,"",0,1),""),"")} | BH13: {=IFERROR(_xlfn.XLOOKUP($I13,#REF!,_xlfn.XLOOKUP(BH$10,#REF!,#REF!,"",0,1),""),"")} | BI13: {=IFERROR(_xlfn.XLOOKUP($I13,#REF!,_xlfn.XLOOKUP(BI$10,#REF!,#REF!,"",0,1),""),"")} | BJ13: {=IFERROR(_xlfn.XLOOKUP($I13,#REF!,_xlfn.XLOOKUP(BJ$10,#REF!,#REF!,"",0,1),""),"")} | BK13: {=IFERROR(_xlfn.XLOOKUP($I13,#REF!,_xlfn.XLOOKUP(BK$10,#REF!,#REF!,"",0,1),""),"")} | BL13: {=IFERROR(_xlfn.XLOOKUP($I13,#REF!,_xlfn.XLOOKUP(BL$10,#REF!,#REF!,"",0,1),""),"")} | BM13: =IFERROR(_xlfn.XLOOKUP($I13,#REF!,#REF!,""),"") | BN13: =IFERROR(_xlfn.XLOOKUP($I13,#REF!,#REF!,""),"") | BO13: =IFERROR(_xlfn.XLOOKUP($I13,#REF!,#REF!,""),"") | BP13: {=IFERROR(_xlfn.XLOOKUP($I13,#REF!,_xlfn.XLOOKUP(BP$10,#REF!,#REF!,"",0,1),""),"")} | BQ13: =IFERROR(_xlfn.XLOOKUP($I13,#REF!,#REF!,""),"") | BR13: =IFERROR(_xlfn.XLOOKUP($I13,#REF!,#REF!,""),"") | BS13: =IFERROR(_xlfn.XLOOKUP($I13,#REF!,#REF!,""),"") | BT13: =IFERROR(_xlfn.XLOOKUP($I13,#REF!,#REF!,""),"") | BU13: =IFERROR(_xlfn.XLOOKUP($I13,#REF!,#REF!,""),"") | BV13: =IFERROR(_xlfn.XLOOKUP($I13,#REF!,#REF!,""),"") | BW13: =IFERROR(_xlfn.XLOOKUP($I13,#REF!,#REF!,""),"")
C14: =IFERROR(_xlfn.XLOOKUP($I14,#REF!,#REF!,""),"") | D14: =IFERROR(_xlfn.XLOOKUP($I14,#REF!,#REF!,""),"") | E14: =IFERROR(_xlfn.XLOOKUP($I14,#REF!,#REF!,""),"") | F14: =IFERROR(_xlfn.XLOOKUP($I14,#REF!,#REF!,""),"") | G14: =IFERROR(_xlfn.XLOOKUP($I14,#REF!,#REF!,""),"") | H14: =IFERROR(_xlfn.XLOOKUP($I14,#REF!,#REF!,""),"") | I14: 107733 | J14: {=IFERROR(_xlfn.XLOOKUP($I14,#REF!,_xlfn.XLOOKUP(J$10,#REF!,#REF!,"",0,1),""),"")} | K14: {=IFERROR(_xlfn.XLOOKUP($I14,#REF!,_xlfn.XLOOKUP(K$10,#REF!,#REF!,"",0,1),""),"")} | L14: {=IFERROR(_xlfn.XLOOKUP($I14,#REF!,_xlfn.XLOOKUP(L$10,#REF!,#REF!,"",0,1),""),"")} | M14: {=IFERROR(_xlfn.XLOOKUP($I14,#REF!,_xlfn.XLOOKUP(M$10,#REF!,#REF!,"",0,1),""),"")} | N14: {=IFERROR(_xlfn.XLOOKUP($I14,#REF!,_xlfn.XLOOKUP(N$10,#REF!,#REF!,"",0,1),""),"")} | O14: {=IFERROR(_xlfn.XLOOKUP($I14,#REF!,_xlfn.XLOOKUP(O$10,#REF!,#REF!,"",0,1),""),"")} | P14: {=IFERROR(_xlfn.XLOOKUP($I14,#REF!,_xlfn.XLOOKUP(P$10,#REF!,#REF!,"",0,1),""),"")} | Q14: {=IFERROR(_xlfn.XLOOKUP($I14,#REF!,_xlfn.XLOOKUP(Q$10,#REF!,#REF!,"",0,1),""),"")} | R14: {=IFERROR(_xlfn.XLOOKUP($I14,#REF!,_xlfn.XLOOKUP(R$10,#REF!,#REF!,"",0,1),""),"")} | S14: =IFERROR(_xlfn.XLOOKUP($I14,#REF!,#REF!,""),"") | T14: =IFERROR(_xlfn.XLOOKUP($I14,#REF!,#REF!,""),"") | U14: =IFERROR(_xlfn.XLOOKUP($I14,#REF!,#REF!,""),"") | V14: =IFERROR(_xlfn.XLOOKUP($I14,#REF!,#REF!,""),"") | W14: {=IFERROR(_xlfn.XLOOKUP($I14,#REF!,_xlfn.XLOOKUP(W$10,#REF!,#REF!,"",0,1),""),"")} | X14: {=IFERROR(_xlfn.XLOOKUP($I14,#REF!,_xlfn.XLOOKUP(X$10,#REF!,#REF!,"",0,1),""),"")} | Y14: {=IFERROR(_xlfn.XLOOKUP($I14,#REF!,_xlfn.XLOOKUP(Y$10,#REF!,#REF!,"",0,1),""),"")} | Z14: {=IFERROR(_xlfn.XLOOKUP($I14,#REF!,_xlfn.XLOOKUP(Z$10,#REF!,#REF!,"",0,1),""),"")} | AA14: {=IFERROR(_xlfn.XLOOKUP($I14,#REF!,_xlfn.XLOOKUP(AA$10,#REF!,#REF!,"",0,1),""),"")} | AB14: {=IFERROR(_xlfn.XLOOKUP($I14,#REF!,_xlfn.XLOOKUP(AB$10,#REF!,#REF!,"",0,1),""),"")} | AC14: {=IFERROR(_xlfn.XLOOKUP($I14,#REF!,_xlfn.XLOOKUP(AC$10,#REF!,#REF!,"",0,1),""),"")} | AD14: {=IFERROR(_xlfn.XLOOKUP($I14,#REF!,_xlfn.XLOOKUP(AD$10,#REF!,#REF!,"",0,1),""),"")} | AF14: {=IFERROR(_xlfn.XLOOKUP($I14,#REF!,_xlfn.XLOOKUP(AF$10,#REF!,#REF!,"",0,1),""),"")} | AG14: {=IFERROR(_xlfn.XLOOKUP($I14,#REF!,_xlfn.XLOOKUP(AG$10,#REF!,#REF!,"",0,1),""),"")} | AH14: {=IFERROR(_xlfn.XLOOKUP($I14,#REF!,_xlfn.XLOOKUP(AH$10,#REF!,#REF!,"",0,1),""),"")} | AI14: {=IFERROR(_xlfn.XLOOKUP($I14,#REF!,_xlfn.XLOOKUP(AI$10,#REF!,#REF!,"",0,1),""),"")} | AL14: {=IFERROR(_xlfn.XLOOKUP($I14,#REF!,_xlfn.XLOOKUP(AL$10,#REF!,#REF!,"",0,1),""),"")} | AM14: {=IFERROR(_xlfn.XLOOKUP($I14,#REF!,_xlfn.XLOOKUP(AM$10,#REF!,#REF!,"",0,1),""),"")} | AN14: {=IFERROR(_xlfn.XLOOKUP($I14,#REF!,_xlfn.XLOOKUP(AN$10,#REF!,#REF!,"",0,1),""),"")} | AO14: {=IFERROR(_xlfn.XLOOKUP($I14,#REF!,_xlfn.XLOOKUP(AO$10,#REF!,#REF!,"",0,1),""),"")} | AP14: {=IFERROR(_xlfn.XLOOKUP($I14,#REF!,_xlfn.XLOOKUP(AP$10,#REF!,#REF!,"",0,1),""),"")} | AQ14: {=IFERROR(_xlfn.XLOOKUP($I14,#REF!,_xlfn.XLOOKUP(AQ$10,#REF!,#REF!,"",0,1),""),"")} | AR14: {=IFERROR(_xlfn.XLOOKUP($I14,#REF!,_xlfn.XLOOKUP(AR$10,#REF!,#REF!,"",0,1),""),"")} | AS14: {=IFERROR(_xlfn.XLOOKUP($I14,#REF!,_xlfn.XLOOKUP(AS$10,#REF!,#REF!,"",0,1),""),"")} | ... AV14: {=IFERROR(_xlfn.XLOOKUP($I14,#REF!,_xlfn.XLOOKUP(AV$10,#REF!,#REF!,"",0,1),""),"")} | AW14: =IFERROR(_xlfn.XLOOKUP($I14,#REF!,#REF!,""),"") | AX14: =IFERROR(_xlfn.XLOOKUP($I14,#REF!,#REF!,""),"") | AY14: =IFERROR(_xlfn.XLOOKUP($I14,#REF!,#REF!,""),"") | AZ14: {=IFERROR(_xlfn.XLOOKUP($I14,#REF!,_xlfn.XLOOKUP(AZ$10,#REF!,#REF!,"",0,1),""),"")} | BA14: {=IFERROR(_xlfn.XLOOKUP($I14,#REF!,_xlfn.XLOOKUP(BA$10,#REF!,#REF!,"",0,1),""),"")} | BB14: =IFERROR(_xlfn.XLOOKUP($I14,#REF!,#REF!,""),"") | BC14: =IFERROR(_xlfn.XLOOKUP($I14,#REF!,#REF!,""),"") | BD14: {=IFERROR(_xlfn.XLOOKUP($I14,#REF!,_xlfn.XLOOKUP(BD$10,#REF!,#REF!,"",0,1),""),"")} | BE14: {=IFERROR(_xlfn.XLOOKUP($I14,#REF!,_xlfn.XLOOKUP(BE$10,#REF!,#REF!,"",0,1),""),"")} | BF14: {=IFERROR(_xlfn.XLOOKUP($I14,#REF!,_xlfn.XLOOKUP(BF$10,#REF!,#REF!,"",0,1),""),"")} | BG14: {=IFERROR(_xlfn.XLOOKUP($I14,#REF!,_xlfn.XLOOKUP(BG$10,#REF!,#REF!,"",0,1),""),"")} | BH14: {=IFERROR(_xlfn.XLOOKUP($I14,#REF!,_xlfn.XLOOKUP(BH$10,#REF!,#REF!,"",0,1),""),"")} | BI14: {=IFERROR(_xlfn.XLOOKUP($I14,#REF!,_xlfn.XLOOKUP(BI$10,#REF!,#REF!,"",0,1),""),"")} | BJ14: {=IFERROR(_xlfn.XLOOKUP($I14,#REF!,_xlfn.XLOOKUP(BJ$10,#REF!,#REF!,"",0,1),""),"")} | BK14: {=IFERROR(_xlfn.XLOOKUP($I14,#REF!,_xlfn.XLOOKUP(BK$10,#REF!,#REF!,"",0,1),""),"")} | BL14: {=IFERROR(_xlfn.XLOOKUP($I14,#REF!,_xlfn.XLOOKUP(BL$10,#REF!,#REF!,"",0,1),""),"")} | BM14: =IFERROR(_xlfn.XLOOKUP($I14,#REF!,#REF!,""),"") | BN14: =IFERROR(_xlfn.XLOOKUP($I14,#REF!,#REF!,""),"") | BO14: =IFERROR(_xlfn.XLOOKUP($I14,#REF!,#REF!,""),"") | BP14: {=IFERROR(_xlfn.XLOOKUP($I14,#REF!,_xlfn.XLOOKUP(BP$10,#REF!,#REF!,"",0,1),""),"")} | BQ14: =IFERROR(_xlfn.XLOOKUP($I14,#REF!,#REF!,""),"") | BR14: =IFERROR(_xlfn.XLOOKUP($I14,#REF!,#REF!,""),"") | BS14: =IFERROR(_xlfn.XLOOKUP($I14,#REF!,#REF!,""),"") | BT14: =IFERROR(_xlfn.XLOOKUP($I14,#REF!,#REF!,""),"") | BU14: =IFERROR(_xlfn.XLOOKUP($I14,#REF!,#REF!,""),"") | BV14: =IFERROR(_xlfn.XLOOKUP($I14,#REF!,#REF!,""),"") | BW14: =IFERROR(_xlfn.XLOOKUP($I14,#REF!,#REF!,""),"")
C15: =IFERROR(_xlfn.XLOOKUP($I15,#REF!,#REF!,""),"") | D15: =IFERROR(_xlfn.XLOOKUP($I15,#REF!,#REF!,""),"") | E15: =IFERROR(_xlfn.XLOOKUP($I15,#REF!,#REF!,""),"") | F15: =IFERROR(_xlfn.XLOOKUP($I15,#REF!,#REF!,""),"") | G15: =IFERROR(_xlfn.XLOOKUP($I15,#REF!,#REF!,""),"") | H15: =IFERROR(_xlfn.XLOOKUP($I15,#REF!,#REF!,""),"") | I15: 101525 | J15: {=IFERROR(_xlfn.XLOOKUP($I15,#REF!,_xlfn.XLOOKUP(J$10,#REF!,#REF!,"",0,1),""),"")} | K15: {=IFERROR(_xlfn.XLOOKUP($I15,#REF!,_xlfn.XLOOKUP(K$10,#REF!,#REF!,"",0,1),""),"")} | L15: {=IFERROR(_xlfn.XLOOKUP($I15,#REF!,_xlfn.XLOOKUP(L$10,#REF!,#REF!,"",0,1),""),"")} | M15: {=IFERROR(_xlfn.XLOOKUP($I15,#REF!,_xlfn.XLOOKUP(M$10,#REF!,#REF!,"",0,1),""),"")} | N15: {=IFERROR(_xlfn.XLOOKUP($I15,#REF!,_xlfn.XLOOKUP(N$10,#REF!,#REF!,"",0,1),""),"")} | O15: {=IFERROR(_xlfn.XLOOKUP($I15,#REF!,_xlfn.XLOOKUP(O$10,#REF!,#REF!,"",0,1),""),"")} | P15: {=IFERROR(_xlfn.XLOOKUP($I15,#REF!,_xlfn.XLOOKUP(P$10,#REF!,#REF!,"",0,1),""),"")} | Q15: {=IFERROR(_xlfn.XLOOKUP($I15,#REF!,_xlfn.XLOOKUP(Q$10,#REF!,#REF!,"",0,1),""),"")} | R15: {=IFERROR(_xlfn.XLOOKUP($I15,#REF!,_xlfn.XLOOKUP(R$10,#REF!,#REF!,"",0,1),""),"")} | S15: =IFERROR(_xlfn.XLOOKUP($I15,#REF!,#REF!,""),"") | T15: =IFERROR(_xlfn.XLOOKUP($I15,#REF!,#REF!,""),"") | U15: =IFERROR(_xlfn.XLOOKUP($I15,#REF!,#REF!,""),"") | V15: =IFERROR(_xlfn.XLOOKUP($I15,#REF!,#REF!,""),"") | W15: {=IFERROR(_xlfn.XLOOKUP($I15,#REF!,_xlfn.XLOOKUP(W$10,#REF!,#REF!,"",0,1),""),"")} | X15: {=IFERROR(_xlfn.XLOOKUP($I15,#REF!,_xlfn.XLOOKUP(X$10,#REF!,#REF!,"",0,1),""),"")} | Y15: {=IFERROR(_xlfn.XLOOKUP($I15,#REF!,_xlfn.XLOOKUP(Y$10,#REF!,#REF!,"",0,1),""),"")} | Z15: {=IFERROR(_xlfn.XLOOKUP($I15,#REF!,_xlfn.XLOOKUP(Z$10,#REF!,#REF!,"",0,1),""),"")} | AA15: {=IFERROR(_xlfn.XLOOKUP($I15,#REF!,_xlfn.XLOOKUP(AA$10,#REF!,#REF!,"",0,1),""),"")} | AB15: {=IFERROR(_xlfn.XLOOKUP($I15,#REF!,_xlfn.XLOOKUP(AB$10,#REF!,#REF!,"",0,1),""),"")} | AC15: {=IFERROR(_xlfn.XLOOKUP($I15,#REF!,_xlfn.XLOOKUP(AC$10,#REF!,#REF!,"",0,1),""),"")} | AD15: {=IFERROR(_xlfn.XLOOKUP($I15,#REF!,_xlfn.XLOOKUP(AD$10,#REF!,#REF!,"",0,1),""),"")} | AF15: {=IFERROR(_xlfn.XLOOKUP($I15,#REF!,_xlfn.XLOOKUP(AF$10,#REF!,#REF!,"",0,1),""),"")} | AG15: {=IFERROR(_xlfn.XLOOKUP($I15,#REF!,_xlfn.XLOOKUP(AG$10,#REF!,#REF!,"",0,1),""),"")} | AH15: {=IFERROR(_xlfn.XLOOKUP($I15,#REF!,_xlfn.XLOOKUP(AH$10,#REF!,#REF!,"",0,1),""),"")} | AI15: {=IFERROR(_xlfn.XLOOKUP($I15,#REF!,_xlfn.XLOOKUP(AI$10,#REF!,#REF!,"",0,1),""),"")} | AL15: {=IFERROR(_xlfn.XLOOKUP($I15,#REF!,_xlfn.XLOOKUP(AL$10,#REF!,#REF!,"",0,1),""),"")} | AM15: {=IFERROR(_xlfn.XLOOKUP($I15,#REF!,_xlfn.XLOOKUP(AM$10,#REF!,#REF!,"",0,1),""),"")} | AN15: {=IFERROR(_xlfn.XLOOKUP($I15,#REF!,_xlfn.XLOOKUP(AN$10,#REF!,#REF!,"",0,1),""),"")} | AO15: {=IFERROR(_xlfn.XLOOKUP($I15,#REF!,_xlfn.XLOOKUP(AO$10,#REF!,#REF!,"",0,1),""),"")} | AP15: {=IFERROR(_xlfn.XLOOKUP($I15,#REF!,_xlfn.XLOOKUP(AP$10,#REF!,#REF!,"",0,1),""),"")} | AQ15: {=IFERROR(_xlfn.XLOOKUP($I15,#REF!,_xlfn.XLOOKUP(AQ$10,#REF!,#REF!,"",0,1),""),"")} | AR15: {=IFERROR(_xlfn.XLOOKUP($I15,#REF!,_xlfn.XLOOKUP(AR$10,#REF!,#REF!,"",0,1),""),"")} | AS15: {=IFERROR(_xlfn.XLOOKUP($I15,#REF!,_xlfn.XLOOKUP(AS$10,#REF!,#REF!,"",0,1),""),"")} | ... AV15: {=IFERROR(_xlfn.XLOOKUP($I15,#REF!,_xlfn.XLOOKUP(AV$10,#REF!,#REF!,"",0,1),""),"")} | AW15: =IFERROR(_xlfn.XLOOKUP($I15,#REF!,#REF!,""),"") | AX15: =IFERROR(_xlfn.XLOOKUP($I15,#REF!,#REF!,""),"") | AY15: =IFERROR(_xlfn.XLOOKUP($I15,#REF!,#REF!,""),"") | AZ15: {=IFERROR(_xlfn.XLOOKUP($I15,#REF!,_xlfn.XLOOKUP(AZ$10,#REF!,#REF!,"",0,1),""),"")} | BA15: {=IFERROR(_xlfn.XLOOKUP($I15,#REF!,_xlfn.XLOOKUP(BA$10,#REF!,#REF!,"",0,1),""),"")} | BB15: =IFERROR(_xlfn.XLOOKUP($I15,#REF!,#REF!,""),"") | BC15: =IFERROR(_xlfn.XLOOKUP($I15,#REF!,#REF!,""),"") | BD15: {=IFERROR(_xlfn.XLOOKUP($I15,#REF!,_xlfn.XLOOKUP(BD$10,#REF!,#REF!,"",0,1),""),"")} | BE15: {=IFERROR(_xlfn.XLOOKUP($I15,#REF!,_xlfn.XLOOKUP(BE$10,#REF!,#REF!,"",0,1),""),"")} | BF15: {=IFERROR(_xlfn.XLOOKUP($I15,#REF!,_xlfn.XLOOKUP(BF$10,#REF!,#REF!,"",0,1),""),"")} | BG15: {=IFERROR(_xlfn.XLOOKUP($I15,#REF!,_xlfn.XLOOKUP(BG$10,#REF!,#REF!,"",0,1),""),"")} | BH15: {=IFERROR(_xlfn.XLOOKUP($I15,#REF!,_xlfn.XLOOKUP(BH$10,#REF!,#REF!,"",0,1),""),"")} | BI15: {=IFERROR(_xlfn.XLOOKUP($I15,#REF!,_xlfn.XLOOKUP(BI$10,#REF!,#REF!,"",0,1),""),"")} | BJ15: {=IFERROR(_xlfn.XLOOKUP($I15,#REF!,_xlfn.XLOOKUP(BJ$10,#REF!,#REF!,"",0,1),""),"")} | BK15: {=IFERROR(_xlfn.XLOOKUP($I15,#REF!,_xlfn.XLOOKUP(BK$10,#REF!,#REF!,"",0,1),""),"")} | BL15: {=IFERROR(_xlfn.XLOOKUP($I15,#REF!,_xlfn.XLOOKUP(BL$10,#REF!,#REF!,"",0,1),""),"")} | BM15: =IFERROR(_xlfn.XLOOKUP($I15,#REF!,#REF!,""),"") | BN15: =IFERROR(_xlfn.XLOOKUP($I15,#REF!,#REF!,""),"") | BO15: =IFERROR(_xlfn.XLOOKUP($I15,#REF!,#REF!,""),"") | BP15: {=IFERROR(_xlfn.XLOOKUP($I15,#REF!,_xlfn.XLOOKUP(BP$10,#REF!,#REF!,"",0,1),""),"")} | BQ15: =IFERROR(_xlfn.XLOOKUP($I15,#REF!,#REF!,""),"") | BR15: =IFERROR(_xlfn.XLOOKUP($I15,#REF!,#REF!,""),"") | BS15: =IFERROR(_xlfn.XLOOKUP($I15,#REF!,#REF!,""),"") | BT15: =IFERROR(_xlfn.XLOOKUP($I15,#REF!,#REF!,""),"") | BU15: =IFERROR(_xlfn.XLOOKUP($I15,#REF!,#REF!,""),"") | BV15: =IFERROR(_xlfn.XLOOKUP($I15,#REF!,#REF!,""),"") | BW15: =IFERROR(_xlfn.XLOOKUP($I15,#REF!,#REF!,""),"")
C16: =IFERROR(_xlfn.XLOOKUP($I16,#REF!,#REF!,""),"") | D16: =IFERROR(_xlfn.XLOOKUP($I16,#REF!,#REF!,""),"") | E16: =IFERROR(_xlfn.XLOOKUP($I16,#REF!,#REF!,""),"") | F16: =IFERROR(_xlfn.XLOOKUP($I16,#REF!,#REF!,""),"") | G16: =IFERROR(_xlfn.XLOOKUP($I16,#REF!,#REF!,""),"") | H16: =IFERROR(_xlfn.XLOOKUP($I16,#REF!,#REF!,""),"") | I16: 111116 | J16: {=IFERROR(_xlfn.XLOOKUP($I16,#REF!,_xlfn.XLOOKUP(J$10,#REF!,#REF!,"",0,1),""),"")} | K16: {=IFERROR(_xlfn.XLOOKUP($I16,#REF!,_xlfn.XLOOKUP(K$10,#REF!,#REF!,"",0,1),""),"")} | L16: {=IFERROR(_xlfn.XLOOKUP($I16,#REF!,_xlfn.XLOOKUP(L$10,#REF!,#REF!,"",0,1),""),"")} | M16: {=IFERROR(_xlfn.XLOOKUP($I16,#REF!,_xlfn.XLOOKUP(M$10,#REF!,#REF!,"",0,1),""),"")} | N16: {=IFERROR(_xlfn.XLOOKUP($I16,#REF!,_xlfn.XLOOKUP(N$10,#REF!,#REF!,"",0,1),""),"")} | O16: {=IFERROR(_xlfn.XLOOKUP($I16,#REF!,_xlfn.XLOOKUP(O$10,#REF!,#REF!,"",0,1),""),"")} | P16: {=IFERROR(_xlfn.XLOOKUP($I16,#REF!,_xlfn.XLOOKUP(P$10,#REF!,#REF!,"",0,1),""),"")} | Q16: {=IFERROR(_xlfn.XLOOKUP($I16,#REF!,_xlfn.XLOOKUP(Q$10,#REF!,#REF!,"",0,1),""),"")} | R16: {=IFERROR(_xlfn.XLOOKUP($I16,#REF!,_xlfn.XLOOKUP(R$10,#REF!,#REF!,"",0,1),""),"")} | S16: =IFERROR(_xlfn.XLOOKUP($I16,#REF!,#REF!,""),"") | T16: =IFERROR(_xlfn.XLOOKUP($I16,#REF!,#REF!,""),"") | U16: =IFERROR(_xlfn.XLOOKUP($I16,#REF!,#REF!,""),"") | V16: =IFERROR(_xlfn.XLOOKUP($I16,#REF!,#REF!,""),"") | W16: {=IFERROR(_xlfn.XLOOKUP($I16,#REF!,_xlfn.XLOOKUP(W$10,#REF!,#REF!,"",0,1),""),"")} | X16: {=IFERROR(_xlfn.XLOOKUP($I16,#REF!,_xlfn.XLOOKUP(X$10,#REF!,#REF!,"",0,1),""),"")} | Y16: {=IFERROR(_xlfn.XLOOKUP($I16,#REF!,_xlfn.XLOOKUP(Y$10,#REF!,#REF!,"",0,1),""),"")} | Z16: {=IFERROR(_xlfn.XLOOKUP($I16,#REF!,_xlfn.XLOOKUP(Z$10,#REF!,#REF!,"",0,1),""),"")} | AA16: {=IFERROR(_xlfn.XLOOKUP($I16,#REF!,_xlfn.XLOOKUP(AA$10,#REF!,#REF!,"",0,1),""),"")} | AB16: {=IFERROR(_xlfn.XLOOKUP($I16,#REF!,_xlfn.XLOOKUP(AB$10,#REF!,#REF!,"",0,1),""),"")} | AC16: {=IFERROR(_xlfn.XLOOKUP($I16,#REF!,_xlfn.XLOOKUP(AC$10,#REF!,#REF!,"",0,1),""),"")} | AD16: {=IFERROR(_xlfn.XLOOKUP($I16,#REF!,_xlfn.XLOOKUP(AD$10,#REF!,#REF!,"",0,1),""),"")} | AF16: {=IFERROR(_xlfn.XLOOKUP($I16,#REF!,_xlfn.XLOOKUP(AF$10,#REF!,#REF!,"",0,1),""),"")} | AG16: {=IFERROR(_xlfn.XLOOKUP($I16,#REF!,_xlfn.XLOOKUP(AG$10,#REF!,#REF!,"",0,1),""),"")} | AH16: {=IFERROR(_xlfn.XLOOKUP($I16,#REF!,_xlfn.XLOOKUP(AH$10,#REF!,#REF!,"",0,1),""),"")} | AI16: {=IFERROR(_xlfn.XLOOKUP($I16,#REF!,_xlfn.XLOOKUP(AI$10,#REF!,#REF!,"",0,1),""),"")} | AL16: {=IFERROR(_xlfn.XLOOKUP($I16,#REF!,_xlfn.XLOOKUP(AL$10,#REF!,#REF!,"",0,1),""),"")} | AM16: {=IFERROR(_xlfn.XLOOKUP($I16,#REF!,_xlfn.XLOOKUP(AM$10,#REF!,#REF!,"",0,1),""),"")} | AN16: {=IFERROR(_xlfn.XLOOKUP($I16,#REF!,_xlfn.XLOOKUP(AN$10,#REF!,#REF!,"",0,1),""),"")} | AO16: {=IFERROR(_xlfn.XLOOKUP($I16,#REF!,_xlfn.XLOOKUP(AO$10,#REF!,#REF!,"",0,1),""),"")} | AP16: {=IFERROR(_xlfn.XLOOKUP($I16,#REF!,_xlfn.XLOOKUP(AP$10,#REF!,#REF!,"",0,1),""),"")} | AQ16: {=IFERROR(_xlfn.XLOOKUP($I16,#REF!,_xlfn.XLOOKUP(AQ$10,#REF!,#REF!,"",0,1),""),"")} | AR16: {=IFERROR(_xlfn.XLOOKUP($I16,#REF!,_xlfn.XLOOKUP(AR$10,#REF!,#REF!,"",0,1),""),"")} | AS16: {=IFERROR(_xlfn.XLOOKUP($I16,#REF!,_xlfn.XLOOKUP(AS$10,#REF!,#REF!,"",0,1),""),"")} | ... AV16: {=IFERROR(_xlfn.XLOOKUP($I16,#REF!,_xlfn.XLOOKUP(AV$10,#REF!,#REF!,"",0,1),""),"")} | AW16: =IFERROR(_xlfn.XLOOKUP($I16,#REF!,#REF!,""),"") | AX16: =IFERROR(_xlfn.XLOOKUP($I16,#REF!,#REF!,""),"") | AY16: =IFERROR(_xlfn.XLOOKUP($I16,#REF!,#REF!,""),"") | AZ16: {=IFERROR(_xlfn.XLOOKUP($I16,#REF!,_xlfn.XLOOKUP(AZ$10,#REF!,#REF!,"",0,1),""),"")} | BA16: {=IFERROR(_xlfn.XLOOKUP($I16,#REF!,_xlfn.XLOOKUP(BA$10,#REF!,#REF!,"",0,1),""),"")} | BB16: =IFERROR(_xlfn.XLOOKUP($I16,#REF!,#REF!,""),"") | BC16: =IFERROR(_xlfn.XLOOKUP($I16,#REF!,#REF!,""),"") | BD16: {=IFERROR(_xlfn.XLOOKUP($I16,#REF!,_xlfn.XLOOKUP(BD$10,#REF!,#REF!,"",0,1),""),"")} | BE16: {=IFERROR(_xlfn.XLOOKUP($I16,#REF!,_xlfn.XLOOKUP(BE$10,#REF!,#REF!,"",0,1),""),"")} | BF16: {=IFERROR(_xlfn.XLOOKUP($I16,#REF!,_xlfn.XLOOKUP(BF$10,#REF!,#REF!,"",0,1),""),"")} | BG16: {=IFERROR(_xlfn.XLOOKUP($I16,#REF!,_xlfn.XLOOKUP(BG$10,#REF!,#REF!,"",0,1),""),"")} | BH16: {=IFERROR(_xlfn.XLOOKUP($I16,#REF!,_xlfn.XLOOKUP(BH$10,#REF!,#REF!,"",0,1),""),"")} | BI16: {=IFERROR(_xlfn.XLOOKUP($I16,#REF!,_xlfn.XLOOKUP(BI$10,#REF!,#REF!,"",0,1),""),"")} | BJ16: {=IFERROR(_xlfn.XLOOKUP($I16,#REF!,_xlfn.XLOOKUP(BJ$10,#REF!,#REF!,"",0,1),""),"")} | BK16: {=IFERROR(_xlfn.XLOOKUP($I16,#REF!,_xlfn.XLOOKUP(BK$10,#REF!,#REF!,"",0,1),""),"")} | BL16: {=IFERROR(_xlfn.XLOOKUP($I16,#REF!,_xlfn.XLOOKUP(BL$10,#REF!,#REF!,"",0,1),""),"")} | BM16: =IFERROR(_xlfn.XLOOKUP($I16,#REF!,#REF!,""),"") | BN16: =IFERROR(_xlfn.XLOOKUP($I16,#REF!,#REF!,""),"") | BO16: =IFERROR(_xlfn.XLOOKUP($I16,#REF!,#REF!,""),"") | BP16: {=IFERROR(_xlfn.XLOOKUP($I16,#REF!,_xlfn.XLOOKUP(BP$10,#REF!,#REF!,"",0,1),""),"")} | BQ16: =IFERROR(_xlfn.XLOOKUP($I16,#REF!,#REF!,""),"") | BR16: =IFERROR(_xlfn.XLOOKUP($I16,#REF!,#REF!,""),"") | BS16: =IFERROR(_xlfn.XLOOKUP($I16,#REF!,#REF!,""),"") | BT16: =IFERROR(_xlfn.XLOOKUP($I16,#REF!,#REF!,""),"") | BU16: =IFERROR(_xlfn.XLOOKUP($I16,#REF!,#REF!,""),"") | BV16: =IFERROR(_xlfn.XLOOKUP($I16,#REF!,#REF!,""),"") | BW16: =IFERROR(_xlfn.XLOOKUP($I16,#REF!,#REF!,""),"")
C17: =IFERROR(_xlfn.XLOOKUP($I17,#REF!,#REF!,""),"") | D17: =IFERROR(_xlfn.XLOOKUP($I17,#REF!,#REF!,""),"") | E17: =IFERROR(_xlfn.XLOOKUP($I17,#REF!,#REF!,""),"") | F17: =IFERROR(_xlfn.XLOOKUP($I17,#REF!,#REF!,""),"") | G17: =IFERROR(_xlfn.XLOOKUP($I17,#REF!,#REF!,""),"") | H17: =IFERROR(_xlfn.XLOOKUP($I17,#REF!,#REF!,""),"") | I17: 101388 | J17: {=IFERROR(_xlfn.XLOOKUP($I17,#REF!,_xlfn.XLOOKUP(J$10,#REF!,#REF!,"",0,1),""),"")} | K17: {=IFERROR(_xlfn.XLOOKUP($I17,#REF!,_xlfn.XLOOKUP(K$10,#REF!,#REF!,"",0,1),""),"")} | L17: {=IFERROR(_xlfn.XLOOKUP($I17,#REF!,_xlfn.XLOOKUP(L$10,#REF!,#REF!,"",0,1),""),"")} | M17: {=IFERROR(_xlfn.XLOOKUP($I17,#REF!,_xlfn.XLOOKUP(M$10,#REF!,#REF!,"",0,1),""),"")} | N17: {=IFERROR(_xlfn.XLOOKUP($I17,#REF!,_xlfn.XLOOKUP(N$10,#REF!,#REF!,"",0,1),""),"")} | O17: {=IFERROR(_xlfn.XLOOKUP($I17,#REF!,_xlfn.XLOOKUP(O$10,#REF!,#REF!,"",0,1),""),"")} | P17: {=IFERROR(_xlfn.XLOOKUP($I17,#REF!,_xlfn.XLOOKUP(P$10,#REF!,#REF!,"",0,1),""),"")} | Q17: {=IFERROR(_xlfn.XLOOKUP($I17,#REF!,_xlfn.XLOOKUP(Q$10,#REF!,#REF!,"",0,1),""),"")} | R17: {=IFERROR(_xlfn.XLOOKUP($I17,#REF!,_xlfn.XLOOKUP(R$10,#REF!,#REF!,"",0,1),""),"")} | S17: =IFERROR(_xlfn.XLOOKUP($I17,#REF!,#REF!,""),"") | T17: =IFERROR(_xlfn.XLOOKUP($I17,#REF!,#REF!,""),"") | U17: =IFERROR(_xlfn.XLOOKUP($I17,#REF!,#REF!,""),"") | V17: =IFERROR(_xlfn.XLOOKUP($I17,#REF!,#REF!,""),"") | W17: {=IFERROR(_xlfn.XLOOKUP($I17,#REF!,_xlfn.XLOOKUP(W$10,#REF!,#REF!,"",0,1),""),"")} | X17: {=IFERROR(_xlfn.XLOOKUP($I17,#REF!,_xlfn.XLOOKUP(X$10,#REF!,#REF!,"",0,1),""),"")} | Y17: {=IFERROR(_xlfn.XLOOKUP($I17,#REF!,_xlfn.XLOOKUP(Y$10,#REF!,#REF!,"",0,1),""),"")} | Z17: {=IFERROR(_xlfn.XLOOKUP($I17,#REF!,_xlfn.XLOOKUP(Z$10,#REF!,#REF!,"",0,1),""),"")} | AA17: {=IFERROR(_xlfn.XLOOKUP($I17,#REF!,_xlfn.XLOOKUP(AA$10,#REF!,#REF!,"",0,1),""),"")} | AB17: {=IFERROR(_xlfn.XLOOKUP($I17,#REF!,_xlfn.XLOOKUP(AB$10,#REF!,#REF!,"",0,1),""),"")} | AC17: {=IFERROR(_xlfn.XLOOKUP($I17,#REF!,_xlfn.XLOOKUP(AC$10,#REF!,#REF!,"",0,1),""),"")} | AD17: {=IFERROR(_xlfn.XLOOKUP($I17,#REF!,_xlfn.XLOOKUP(AD$10,#REF!,#REF!,"",0,1),""),"")} | AF17: {=IFERROR(_xlfn.XLOOKUP($I17,#REF!,_xlfn.XLOOKUP(AF$10,#REF!,#REF!,"",0,1),""),"")} | AG17: {=IFERROR(_xlfn.XLOOKUP($I17,#REF!,_xlfn.XLOOKUP(AG$10,#REF!,#REF!,"",0,1),""),"")} | AH17: {=IFERROR(_xlfn.XLOOKUP($I17,#REF!,_xlfn.XLOOKUP(AH$10,#REF!,#REF!,"",0,1),""),"")} | AI17: {=IFERROR(_xlfn.XLOOKUP($I17,#REF!,_xlfn.XLOOKUP(AI$10,#REF!,#REF!,"",0,1),""),"")} | AL17: {=IFERROR(_xlfn.XLOOKUP($I17,#REF!,_xlfn.XLOOKUP(AL$10,#REF!,#REF!,"",0,1),""),"")} | AM17: {=IFERROR(_xlfn.XLOOKUP($I17,#REF!,_xlfn.XLOOKUP(AM$10,#REF!,#REF!,"",0,1),""),"")} | AN17: {=IFERROR(_xlfn.XLOOKUP($I17,#REF!,_xlfn.XLOOKUP(AN$10,#REF!,#REF!,"",0,1),""),"")} | AO17: {=IFERROR(_xlfn.XLOOKUP($I17,#REF!,_xlfn.XLOOKUP(AO$10,#REF!,#REF!,"",0,1),""),"")} | AP17: {=IFERROR(_xlfn.XLOOKUP($I17,#REF!,_xlfn.XLOOKUP(AP$10,#REF!,#REF!,"",0,1),""),"")} | AQ17: {=IFERROR(_xlfn.XLOOKUP($I17,#REF!,_xlfn.XLOOKUP(AQ$10,#REF!,#REF!,"",0,1),""),"")} | AR17: {=IFERROR(_xlfn.XLOOKUP($I17,#REF!,_xlfn.XLOOKUP(AR$10,#REF!,#REF!,"",0,1),""),"")} | AS17: {=IFERROR(_xlfn.XLOOKUP($I17,#REF!,_xlfn.XLOOKUP(AS$10,#REF!,#REF!,"",0,1),""),"")} | ... AV17: {=IFERROR(_xlfn.XLOOKUP($I17,#REF!,_xlfn.XLOOKUP(AV$10,#REF!,#REF!,"",0,1),""),"")} | AW17: =IFERROR(_xlfn.XLOOKUP($I17,#REF!,#REF!,""),"") | AX17: =IFERROR(_xlfn.XLOOKUP($I17,#REF!,#REF!,""),"") | AY17: =IFERROR(_xlfn.XLOOKUP($I17,#REF!,#REF!,""),"") | AZ17: {=IFERROR(_xlfn.XLOOKUP($I17,#REF!,_xlfn.XLOOKUP(AZ$10,#REF!,#REF!,"",0,1),""),"")} | BA17: {=IFERROR(_xlfn.XLOOKUP($I17,#REF!,_xlfn.XLOOKUP(BA$10,#REF!,#REF!,"",0,1),""),"")} | BB17: =IFERROR(_xlfn.XLOOKUP($I17,#REF!,#REF!,""),"") | BC17: =IFERROR(_xlfn.XLOOKUP($I17,#REF!,#REF!,""),"") | BD17: {=IFERROR(_xlfn.XLOOKUP($I17,#REF!,_xlfn.XLOOKUP(BD$10,#REF!,#REF!,"",0,1),""),"")} | BE17: {=IFERROR(_xlfn.XLOOKUP($I17,#REF!,_xlfn.XLOOKUP(BE$10,#REF!,#REF!,"",0,1),""),"")} | BF17: {=IFERROR(_xlfn.XLOOKUP($I17,#REF!,_xlfn.XLOOKUP(BF$10,#REF!,#REF!,"",0,1),""),"")} | BG17: {=IFERROR(_xlfn.XLOOKUP($I17,#REF!,_xlfn.XLOOKUP(BG$10,#REF!,#REF!,"",0,1),""),"")} | BH17: {=IFERROR(_xlfn.XLOOKUP($I17,#REF!,_xlfn.XLOOKUP(BH$10,#REF!,#REF!,"",0,1),""),"")} | BI17: {=IFERROR(_xlfn.XLOOKUP($I17,#REF!,_xlfn.XLOOKUP(BI$10,#REF!,#REF!,"",0,1),""),"")} | BJ17: {=IFERROR(_xlfn.XLOOKUP($I17,#REF!,_xlfn.XLOOKUP(BJ$10,#REF!,#REF!,"",0,1),""),"")} | BK17: {=IFERROR(_xlfn.XLOOKUP($I17,#REF!,_xlfn.XLOOKUP(BK$10,#REF!,#REF!,"",0,1),""),"")} | BL17: {=IFERROR(_xlfn.XLOOKUP($I17,#REF!,_xlfn.XLOOKUP(BL$10,#REF!,#REF!,"",0,1),""),"")} | BM17: =IFERROR(_xlfn.XLOOKUP($I17,#REF!,#REF!,""),"") | BN17: =IFERROR(_xlfn.XLOOKUP($I17,#REF!,#REF!,""),"") | BO17: =IFERROR(_xlfn.XLOOKUP($I17,#REF!,#REF!,""),"") | BP17: {=IFERROR(_xlfn.XLOOKUP($I17,#REF!,_xlfn.XLOOKUP(BP$10,#REF!,#REF!,"",0,1),""),"")} | BQ17: =IFERROR(_xlfn.XLOOKUP($I17,#REF!,#REF!,""),"") | BR17: =IFERROR(_xlfn.XLOOKUP($I17,#REF!,#REF!,""),"") | BS17: =IFERROR(_xlfn.XLOOKUP($I17,#REF!,#REF!,""),"") | BT17: =IFERROR(_xlfn.XLOOKUP($I17,#REF!,#REF!,""),"") | BU17: =IFERROR(_xlfn.XLOOKUP($I17,#REF!,#REF!,""),"") | BV17: =IFERROR(_xlfn.XLOOKUP($I17,#REF!,#REF!,""),"") | BW17: =IFERROR(_xlfn.XLOOKUP($I17,#REF!,#REF!,""),"")
C18: =IFERROR(_xlfn.XLOOKUP($I18,#REF!,#REF!,""),"") | D18: =IFERROR(_xlfn.XLOOKUP($I18,#REF!,#REF!,""),"") | E18: =IFERROR(_xlfn.XLOOKUP($I18,#REF!,#REF!,""),"") | F18: =IFERROR(_xlfn.XLOOKUP($I18,#REF!,#REF!,""),"") | G18: =IFERROR(_xlfn.XLOOKUP($I18,#REF!,#REF!,""),"") | H18: =IFERROR(_xlfn.XLOOKUP($I18,#REF!,#REF!,""),"") | I18: 54534 | J18: {=IFERROR(_xlfn.XLOOKUP($I18,#REF!,_xlfn.XLOOKUP(J$10,#REF!,#REF!,"",0,1),""),"")} | K18: {=IFERROR(_xlfn.XLOOKUP($I18,#REF!,_xlfn.XLOOKUP(K$10,#REF!,#REF!,"",0,1),""),"")} | L18: {=IFERROR(_xlfn.XLOOKUP($I18,#REF!,_xlfn.XLOOKUP(L$10,#REF!,#REF!,"",0,1),""),"")} | M18: {=IFERROR(_xlfn.XLOOKUP($I18,#REF!,_xlfn.XLOOKUP(M$10,#REF!,#REF!,"",0,1),""),"")} | N18: {=IFERROR(_xlfn.XLOOKUP($I18,#REF!,_xlfn.XLOOKUP(N$10,#REF!,#REF!,"",0,1),""),"")} | O18: {=IFERROR(_xlfn.XLOOKUP($I18,#REF!,_xlfn.XLOOKUP(O$10,#REF!,#REF!,"",0,1),""),"")} | P18: {=IFERROR(_xlfn.XLOOKUP($I18,#REF!,_xlfn.XLOOKUP(P$10,#REF!,#REF!,"",0,1),""),"")} | Q18: {=IFERROR(_xlfn.XLOOKUP($I18,#REF!,_xlfn.XLOOKUP(Q$10,#REF!,#REF!,"",0,1),""),"")} | R18: {=IFERROR(_xlfn.XLOOKUP($I18,#REF!,_xlfn.XLOOKUP(R$10,#REF!,#REF!,"",0,1),""),"")} | S18: =IFERROR(_xlfn.XLOOKUP($I18,#REF!,#REF!,""),"") | T18: =IFERROR(_xlfn.XLOOKUP($I18,#REF!,#REF!,""),"") | U18: =IFERROR(_xlfn.XLOOKUP($I18,#REF!,#REF!,""),"") | V18: =IFERROR(_xlfn.XLOOKUP($I18,#REF!,#REF!,""),"") | W18: {=IFERROR(_xlfn.XLOOKUP($I18,#REF!,_xlfn.XLOOKUP(W$10,#REF!,#REF!,"",0,1),""),"")} | X18: {=IFERROR(_xlfn.XLOOKUP($I18,#REF!,_xlfn.XLOOKUP(X$10,#REF!,#REF!,"",0,1),""),"")} | Y18: {=IFERROR(_xlfn.XLOOKUP($I18,#REF!,_xlfn.XLOOKUP(Y$10,#REF!,#REF!,"",0,1),""),"")} | Z18: {=IFERROR(_xlfn.XLOOKUP($I18,#REF!,_xlfn.XLOOKUP(Z$10,#REF!,#REF!,"",0,1),""),"")} | AA18: {=IFERROR(_xlfn.XLOOKUP($I18,#REF!,_xlfn.XLOOKUP(AA$10,#REF!,#REF!,"",0,1),""),"")} | AB18: {=IFERROR(_xlfn.XLOOKUP($I18,#REF!,_xlfn.XLOOKUP(AB$10,#REF!,#REF!,"",0,1),""),"")} | AC18: {=IFERROR(_xlfn.XLOOKUP($I18,#REF!,_xlfn.XLOOKUP(AC$10,#REF!,#REF!,"",0,1),""),"")} | AD18: {=IFERROR(_xlfn.XLOOKUP($I18,#REF!,_xlfn.XLOOKUP(AD$10,#REF!,#REF!,"",0,1),""),"")} | AF18: {=IFERROR(_xlfn.XLOOKUP($I18,#REF!,_xlfn.XLOOKUP(AF$10,#REF!,#REF!,"",0,1),""),"")} | AG18: {=IFERROR(_xlfn.XLOOKUP($I18,#REF!,_xlfn.XLOOKUP(AG$10,#REF!,#REF!,"",0,1),""),"")} | AH18: {=IFERROR(_xlfn.XLOOKUP($I18,#REF!,_xlfn.XLOOKUP(AH$10,#REF!,#REF!,"",0,1),""),"")} | AI18: {=IFERROR(_xlfn.XLOOKUP($I18,#REF!,_xlfn.XLOOKUP(AI$10,#REF!,#REF!,"",0,1),""),"")} | AL18: {=IFERROR(_xlfn.XLOOKUP($I18,#REF!,_xlfn.XLOOKUP(AL$10,#REF!,#REF!,"",0,1),""),"")} | AM18: {=IFERROR(_xlfn.XLOOKUP($I18,#REF!,_xlfn.XLOOKUP(AM$10,#REF!,#REF!,"",0,1),""),"")} | AN18: {=IFERROR(_xlfn.XLOOKUP($I18,#REF!,_xlfn.XLOOKUP(AN$10,#REF!,#REF!,"",0,1),""),"")} | AO18: {=IFERROR(_xlfn.XLOOKUP($I18,#REF!,_xlfn.XLOOKUP(AO$10,#REF!,#REF!,"",0,1),""),"")} | AP18: {=IFERROR(_xlfn.XLOOKUP($I18,#REF!,_xlfn.XLOOKUP(AP$10,#REF!,#REF!,"",0,1),""),"")} | AQ18: {=IFERROR(_xlfn.XLOOKUP($I18,#REF!,_xlfn.XLOOKUP(AQ$10,#REF!,#REF!,"",0,1),""),"")} | AR18: {=IFERROR(_xlfn.XLOOKUP($I18,#REF!,_xlfn.XLOOKUP(AR$10,#REF!,#REF!,"",0,1),""),"")} | AS18: {=IFERROR(_xlfn.XLOOKUP($I18,#REF!,_xlfn.XLOOKUP(AS$10,#REF!,#REF!,"",0,1),""),"")} | ... AV18: {=IFERROR(_xlfn.XLOOKUP($I18,#REF!,_xlfn.XLOOKUP(AV$10,#REF!,#REF!,"",0,1),""),"")} | AW18: =IFERROR(_xlfn.XLOOKUP($I18,#REF!,#REF!,""),"") | AX18: =IFERROR(_xlfn.XLOOKUP($I18,#REF!,#REF!,""),"") | AY18: =IFERROR(_xlfn.XLOOKUP($I18,#REF!,#REF!,""),"") | AZ18: {=IFERROR(_xlfn.XLOOKUP($I18,#REF!,_xlfn.XLOOKUP(AZ$10,#REF!,#REF!,"",0,1),""),"")} | BA18: {=IFERROR(_xlfn.XLOOKUP($I18,#REF!,_xlfn.XLOOKUP(BA$10,#REF!,#REF!,"",0,1),""),"")} | BB18: =IFERROR(_xlfn.XLOOKUP($I18,#REF!,#REF!,""),"") | BC18: =IFERROR(_xlfn.XLOOKUP($I18,#REF!,#REF!,""),"") | BD18: {=IFERROR(_xlfn.XLOOKUP($I18,#REF!,_xlfn.XLOOKUP(BD$10,#REF!,#REF!,"",0,1),""),"")} | BE18: {=IFERROR(_xlfn.XLOOKUP($I18,#REF!,_xlfn.XLOOKUP(BE$10,#REF!,#REF!,"",0,1),""),"")} | BF18: {=IFERROR(_xlfn.XLOOKUP($I18,#REF!,_xlfn.XLOOKUP(BF$10,#REF!,#REF!,"",0,1),""),"")} | BG18: {=IFERROR(_xlfn.XLOOKUP($I18,#REF!,_xlfn.XLOOKUP(BG$10,#REF!,#REF!,"",0,1),""),"")} | BH18: {=IFERROR(_xlfn.XLOOKUP($I18,#REF!,_xlfn.XLOOKUP(BH$10,#REF!,#REF!,"",0,1),""),"")} | BI18: {=IFERROR(_xlfn.XLOOKUP($I18,#REF!,_xlfn.XLOOKUP(BI$10,#REF!,#REF!,"",0,1),""),"")} | BJ18: {=IFERROR(_xlfn.XLOOKUP($I18,#REF!,_xlfn.XLOOKUP(BJ$10,#REF!,#REF!,"",0,1),""),"")} | BK18: {=IFERROR(_xlfn.XLOOKUP($I18,#REF!,_xlfn.XLOOKUP(BK$10,#REF!,#REF!,"",0,1),""),"")} | BL18: {=IFERROR(_xlfn.XLOOKUP($I18,#REF!,_xlfn.XLOOKUP(BL$10,#REF!,#REF!,"",0,1),""),"")} | BM18: =IFERROR(_xlfn.XLOOKUP($I18,#REF!,#REF!,""),"") | BN18: =IFERROR(_xlfn.XLOOKUP($I18,#REF!,#REF!,""),"") | BO18: =IFERROR(_xlfn.XLOOKUP($I18,#REF!,#REF!,""),"") | BP18: {=IFERROR(_xlfn.XLOOKUP($I18,#REF!,_xlfn.XLOOKUP(BP$10,#REF!,#REF!,"",0,1),""),"")} | BQ18: =IFERROR(_xlfn.XLOOKUP($I18,#REF!,#REF!,""),"") | BR18: =IFERROR(_xlfn.XLOOKUP($I18,#REF!,#REF!,""),"") | BS18: =IFERROR(_xlfn.XLOOKUP($I18,#REF!,#REF!,""),"") | BT18: =IFERROR(_xlfn.XLOOKUP($I18,#REF!,#REF!,""),"") | BU18: =IFERROR(_xlfn.XLOOKUP($I18,#REF!,#REF!,""),"") | BV18: =IFERROR(_xlfn.XLOOKUP($I18,#REF!,#REF!,""),"") | BW18: =IFERROR(_xlfn.XLOOKUP($I18,#REF!,#REF!,""),"")
C19: =IFERROR(_xlfn.XLOOKUP($I19,#REF!,#REF!,""),"") | D19: =IFERROR(_xlfn.XLOOKUP($I19,#REF!,#REF!,""),"") | E19: =IFERROR(_xlfn.XLOOKUP($I19,#REF!,#REF!,""),"") | F19: =IFERROR(_xlfn.XLOOKUP($I19,#REF!,#REF!,""),"") | G19: =IFERROR(_xlfn.XLOOKUP($I19,#REF!,#REF!,""),"") | H19: =IFERROR(_xlfn.XLOOKUP($I19,#REF!,#REF!,""),"") | I19: 102743 | J19: {=IFERROR(_xlfn.XLOOKUP($I19,#REF!,_xlfn.XLOOKUP(J$10,#REF!,#REF!,"",0,1),""),"")} | K19: {=IFERROR(_xlfn.XLOOKUP($I19,#REF!,_xlfn.XLOOKUP(K$10,#REF!,#REF!,"",0,1),""),"")} | L19: {=IFERROR(_xlfn.XLOOKUP($I19,#REF!,_xlfn.XLOOKUP(L$10,#REF!,#REF!,"",0,1),""),"")} | M19: {=IFERROR(_xlfn.XLOOKUP($I19,#REF!,_xlfn.XLOOKUP(M$10,#REF!,#REF!,"",0,1),""),"")} | N19: {=IFERROR(_xlfn.XLOOKUP($I19,#REF!,_xlfn.XLOOKUP(N$10,#REF!,#REF!,"",0,1),""),"")} | O19: {=IFERROR(_xlfn.XLOOKUP($I19,#REF!,_xlfn.XLOOKUP(O$10,#REF!,#REF!,"",0,1),""),"")} | P19: {=IFERROR(_xlfn.XLOOKUP($I19,#REF!,_xlfn.XLOOKUP(P$10,#REF!,#REF!,"",0,1),""),"")} | Q19: {=IFERROR(_xlfn.XLOOKUP($I19,#REF!,_xlfn.XLOOKUP(Q$10,#REF!,#REF!,"",0,1),""),"")} | R19: {=IFERROR(_xlfn.XLOOKUP($I19,#REF!,_xlfn.XLOOKUP(R$10,#REF!,#REF!,"",0,1),""),"")} | S19: =IFERROR(_xlfn.XLOOKUP($I19,#REF!,#REF!,""),"") | T19: =IFERROR(_xlfn.XLOOKUP($I19,#REF!,#REF!,""),"") | U19: =IFERROR(_xlfn.XLOOKUP($I19,#REF!,#REF!,""),"") | V19: =IFERROR(_xlfn.XLOOKUP($I19,#REF!,#REF!,""),"") | W19: {=IFERROR(_xlfn.XLOOKUP($I19,#REF!,_xlfn.XLOOKUP(W$10,#REF!,#REF!,"",0,1),""),"")} | X19: {=IFERROR(_xlfn.XLOOKUP($I19,#REF!,_xlfn.XLOOKUP(X$10,#REF!,#REF!,"",0,1),""),"")} | Y19: {=IFERROR(_xlfn.XLOOKUP($I19,#REF!,_xlfn.XLOOKUP(Y$10,#REF!,#REF!,"",0,1),""),"")} | Z19: {=IFERROR(_xlfn.XLOOKUP($I19,#REF!,_xlfn.XLOOKUP(Z$10,#REF!,#REF!,"",0,1),""),"")} | AA19: {=IFERROR(_xlfn.XLOOKUP($I19,#REF!,_xlfn.XLOOKUP(AA$10,#REF!,#REF!,"",0,1),""),"")} | AB19: {=IFERROR(_xlfn.XLOOKUP($I19,#REF!,_xlfn.XLOOKUP(AB$10,#REF!,#REF!,"",0,1),""),"")} | AC19: {=IFERROR(_xlfn.XLOOKUP($I19,#REF!,_xlfn.XLOOKUP(AC$10,#REF!,#REF!,"",0,1),""),"")} | AD19: {=IFERROR(_xlfn.XLOOKUP($I19,#REF!,_xlfn.XLOOKUP(AD$10,#REF!,#REF!,"",0,1),""),"")} | AF19: {=IFERROR(_xlfn.XLOOKUP($I19,#REF!,_xlfn.XLOOKUP(AF$10,#REF!,#REF!,"",0,1),""),"")} | AG19: {=IFERROR(_xlfn.XLOOKUP($I19,#REF!,_xlfn.XLOOKUP(AG$10,#REF!,#REF!,"",0,1),""),"")} | AH19: {=IFERROR(_xlfn.XLOOKUP($I19,#REF!,_xlfn.XLOOKUP(AH$10,#REF!,#REF!,"",0,1),""),"")} | AI19: {=IFERROR(_xlfn.XLOOKUP($I19,#REF!,_xlfn.XLOOKUP(AI$10,#REF!,#REF!,"",0,1),""),"")} | AL19: {=IFERROR(_xlfn.XLOOKUP($I19,#REF!,_xlfn.XLOOKUP(AL$10,#REF!,#REF!,"",0,1),""),"")} | AM19: {=IFERROR(_xlfn.XLOOKUP($I19,#REF!,_xlfn.XLOOKUP(AM$10,#REF!,#REF!,"",0,1),""),"")} | AN19: {=IFERROR(_xlfn.XLOOKUP($I19,#REF!,_xlfn.XLOOKUP(AN$10,#REF!,#REF!,"",0,1),""),"")} | AO19: {=IFERROR(_xlfn.XLOOKUP($I19,#REF!,_xlfn.XLOOKUP(AO$10,#REF!,#REF!,"",0,1),""),"")} | AP19: {=IFERROR(_xlfn.XLOOKUP($I19,#REF!,_xlfn.XLOOKUP(AP$10,#REF!,#REF!,"",0,1),""),"")} | AQ19: {=IFERROR(_xlfn.XLOOKUP($I19,#REF!,_xlfn.XLOOKUP(AQ$10,#REF!,#REF!,"",0,1),""),"")} | AR19: {=IFERROR(_xlfn.XLOOKUP($I19,#REF!,_xlfn.XLOOKUP(AR$10,#REF!,#REF!,"",0,1),""),"")} | AS19: {=IFERROR(_xlfn.XLOOKUP($I19,#REF!,_xlfn.XLOOKUP(AS$10,#REF!,#REF!,"",0,1),""),"")} | ... AV19: {=IFERROR(_xlfn.XLOOKUP($I19,#REF!,_xlfn.XLOOKUP(AV$10,#REF!,#REF!,"",0,1),""),"")} | AW19: =IFERROR(_xlfn.XLOOKUP($I19,#REF!,#REF!,""),"") | AX19: =IFERROR(_xlfn.XLOOKUP($I19,#REF!,#REF!,""),"") | AY19: =IFERROR(_xlfn.XLOOKUP($I19,#REF!,#REF!,""),"") | AZ19: {=IFERROR(_xlfn.XLOOKUP($I19,#REF!,_xlfn.XLOOKUP(AZ$10,#REF!,#REF!,"",0,1),""),"")} | BA19: {=IFERROR(_xlfn.XLOOKUP($I19,#REF!,_xlfn.XLOOKUP(BA$10,#REF!,#REF!,"",0,1),""),"")} | BB19: =IFERROR(_xlfn.XLOOKUP($I19,#REF!,#REF!,""),"") | BC19: =IFERROR(_xlfn.XLOOKUP($I19,#REF!,#REF!,""),"") | BD19: {=IFERROR(_xlfn.XLOOKUP($I19,#REF!,_xlfn.XLOOKUP(BD$10,#REF!,#REF!,"",0,1),""),"")} | BE19: {=IFERROR(_xlfn.XLOOKUP($I19,#REF!,_xlfn.XLOOKUP(BE$10,#REF!,#REF!,"",0,1),""),"")} | BF19: {=IFERROR(_xlfn.XLOOKUP($I19,#REF!,_xlfn.XLOOKUP(BF$10,#REF!,#REF!,"",0,1),""),"")} | BG19: {=IFERROR(_xlfn.XLOOKUP($I19,#REF!,_xlfn.XLOOKUP(BG$10,#REF!,#REF!,"",0,1),""),"")} | BH19: {=IFERROR(_xlfn.XLOOKUP($I19,#REF!,_xlfn.XLOOKUP(BH$10,#REF!,#REF!,"",0,1),""),"")} | BI19: {=IFERROR(_xlfn.XLOOKUP($I19,#REF!,_xlfn.XLOOKUP(BI$10,#REF!,#REF!,"",0,1),""),"")} | BJ19: {=IFERROR(_xlfn.XLOOKUP($I19,#REF!,_xlfn.XLOOKUP(BJ$10,#REF!,#REF!,"",0,1),""),"")} | BK19: {=IFERROR(_xlfn.XLOOKUP($I19,#REF!,_xlfn.XLOOKUP(BK$10,#REF!,#REF!,"",0,1),""),"")} | BL19: {=IFERROR(_xlfn.XLOOKUP($I19,#REF!,_xlfn.XLOOKUP(BL$10,#REF!,#REF!,"",0,1),""),"")} | BM19: =IFERROR(_xlfn.XLOOKUP($I19,#REF!,#REF!,""),"") | BN19: =IFERROR(_xlfn.XLOOKUP($I19,#REF!,#REF!,""),"") | BO19: =IFERROR(_xlfn.XLOOKUP($I19,#REF!,#REF!,""),"") | BP19: {=IFERROR(_xlfn.XLOOKUP($I19,#REF!,_xlfn.XLOOKUP(BP$10,#REF!,#REF!,"",0,1),""),"")} | BQ19: =IFERROR(_xlfn.XLOOKUP($I19,#REF!,#REF!,""),"") | BR19: =IFERROR(_xlfn.XLOOKUP($I19,#REF!,#REF!,""),"") | BS19: =IFERROR(_xlfn.XLOOKUP($I19,#REF!,#REF!,""),"") | BT19: =IFERROR(_xlfn.XLOOKUP($I19,#REF!,#REF!,""),"") | BU19: =IFERROR(_xlfn.XLOOKUP($I19,#REF!,#REF!,""),"") | BV19: =IFERROR(_xlfn.XLOOKUP($I19,#REF!,#REF!,""),"") | BW19: =IFERROR(_xlfn.XLOOKUP($I19,#REF!,#REF!,""),"")
C20: =IFERROR(_xlfn.XLOOKUP($I20,#REF!,#REF!,""),"") | D20: =IFERROR(_xlfn.XLOOKUP($I20,#REF!,#REF!,""),"") | E20: =IFERROR(_xlfn.XLOOKUP($I20,#REF!,#REF!,""),"") | F20: =IFERROR(_xlfn.XLOOKUP($I20,#REF!,#REF!,""),"") | G20: =IFERROR(_xlfn.XLOOKUP($I20,#REF!,#REF!,""),"") | H20: =IFERROR(_xlfn.XLOOKUP($I20,#REF!,#REF!,""),"") | I20: 10561 | J20: {=IFERROR(_xlfn.XLOOKUP($I20,#REF!,_xlfn.XLOOKUP(J$10,#REF!,#REF!,"",0,1),""),"")} | K20: {=IFERROR(_xlfn.XLOOKUP($I20,#REF!,_xlfn.XLOOKUP(K$10,#REF!,#REF!,"",0,1),""),"")} | L20: {=IFERROR(_xlfn.XLOOKUP($I20,#REF!,_xlfn.XLOOKUP(L$10,#REF!,#REF!,"",0,1),""),"")} | M20: {=IFERROR(_xlfn.XLOOKUP($I20,#REF!,_xlfn.XLOOKUP(M$10,#REF!,#REF!,"",0,1),""),"")} | N20: {=IFERROR(_xlfn.XLOOKUP($I20,#REF!,_xlfn.XLOOKUP(N$10,#REF!,#REF!,"",0,1),""),"")} | O20: {=IFERROR(_xlfn.XLOOKUP($I20,#REF!,_xlfn.XLOOKUP(O$10,#REF!,#REF!,"",0,1),""),"")} | P20: {=IFERROR(_xlfn.XLOOKUP($I20,#REF!,_xlfn.XLOOKUP(P$10,#REF!,#REF!,"",0,1),""),"")} | Q20: {=IFERROR(_xlfn.XLOOKUP($I20,#REF!,_xlfn.XLOOKUP(Q$10,#REF!,#REF!,"",0,1),""),"")} | R20: {=IFERROR(_xlfn.XLOOKUP($I20,#REF!,_xlfn.XLOOKUP(R$10,#REF!,#REF!,"",0,1),""),"")} | S20: =IFERROR(_xlfn.XLOOKUP($I20,#REF!,#REF!,""),"") | T20: =IFERROR(_xlfn.XLOOKUP($I20,#REF!,#REF!,""),"") | U20: =IFERROR(_xlfn.XLOOKUP($I20,#REF!,#REF!,""),"") | V20: =IFERROR(_xlfn.XLOOKUP($I20,#REF!,#REF!,""),"") | W20: {=IFERROR(_xlfn.XLOOKUP($I20,#REF!,_xlfn.XLOOKUP(W$10,#REF!,#REF!,"",0,1),""),"")} | X20: {=IFERROR(_xlfn.XLOOKUP($I20,#REF!,_xlfn.XLOOKUP(X$10,#REF!,#REF!,"",0,1),""),"")} | Y20: {=IFERROR(_xlfn.XLOOKUP($I20,#REF!,_xlfn.XLOOKUP(Y$10,#REF!,#REF!,"",0,1),""),"")} | Z20: {=IFERROR(_xlfn.XLOOKUP($I20,#REF!,_xlfn.XLOOKUP(Z$10,#REF!,#REF!,"",0,1),""),"")} | AA20: {=IFERROR(_xlfn.XLOOKUP($I20,#REF!,_xlfn.XLOOKUP(AA$10,#REF!,#REF!,"",0,1),""),"")} | AB20: {=IFERROR(_xlfn.XLOOKUP($I20,#REF!,_xlfn.XLOOKUP(AB$10,#REF!,#REF!,"",0,1),""),"")} | AC20: {=IFERROR(_xlfn.XLOOKUP($I20,#REF!,_xlfn.XLOOKUP(AC$10,#REF!,#REF!,"",0,1),""),"")} | AD20: {=IFERROR(_xlfn.XLOOKUP($I20,#REF!,_xlfn.XLOOKUP(AD$10,#REF!,#REF!,"",0,1),""),"")} | AF20: {=IFERROR(_xlfn.XLOOKUP($I20,#REF!,_xlfn.XLOOKUP(AF$10,#REF!,#REF!,"",0,1),""),"")} | AG20: {=IFERROR(_xlfn.XLOOKUP($I20,#REF!,_xlfn.XLOOKUP(AG$10,#REF!,#REF!,"",0,1),""),"")} | AH20: {=IFERROR(_xlfn.XLOOKUP($I20,#REF!,_xlfn.XLOOKUP(AH$10,#REF!,#REF!,"",0,1),""),"")} | AI20: {=IFERROR(_xlfn.XLOOKUP($I20,#REF!,_xlfn.XLOOKUP(AI$10,#REF!,#REF!,"",0,1),""),"")} | AL20: {=IFERROR(_xlfn.XLOOKUP($I20,#REF!,_xlfn.XLOOKUP(AL$10,#REF!,#REF!,"",0,1),""),"")} | AM20: {=IFERROR(_xlfn.XLOOKUP($I20,#REF!,_xlfn.XLOOKUP(AM$10,#REF!,#REF!,"",0,1),""),"")} | AN20: {=IFERROR(_xlfn.XLOOKUP($I20,#REF!,_xlfn.XLOOKUP(AN$10,#REF!,#REF!,"",0,1),""),"")} | AO20: {=IFERROR(_xlfn.XLOOKUP($I20,#REF!,_xlfn.XLOOKUP(AO$10,#REF!,#REF!,"",0,1),""),"")} | AP20: {=IFERROR(_xlfn.XLOOKUP($I20,#REF!,_xlfn.XLOOKUP(AP$10,#REF!,#REF!,"",0,1),""),"")} | AQ20: {=IFERROR(_xlfn.XLOOKUP($I20,#REF!,_xlfn.XLOOKUP(AQ$10,#REF!,#REF!,"",0,1),""),"")} | AR20: {=IFERROR(_xlfn.XLOOKUP($I20,#REF!,_xlfn.XLOOKUP(AR$10,#REF!,#REF!,"",0,1),""),"")} | AS20: {=IFERROR(_xlfn.XLOOKUP($I20,#REF!,_xlfn.XLOOKUP(AS$10,#REF!,#REF!,"",0,1),""),"")} | ... AV20: {=IFERROR(_xlfn.XLOOKUP($I20,#REF!,_xlfn.XLOOKUP(AV$10,#REF!,#REF!,"",0,1),""),"")} | AW20: =IFERROR(_xlfn.XLOOKUP($I20,#REF!,#REF!,""),"") | AX20: =IFERROR(_xlfn.XLOOKUP($I20,#REF!,#REF!,""),"") | AY20: =IFERROR(_xlfn.XLOOKUP($I20,#REF!,#REF!,""),"") | AZ20: {=IFERROR(_xlfn.XLOOKUP($I20,#REF!,_xlfn.XLOOKUP(AZ$10,#REF!,#REF!,"",0,1),""),"")} | BA20: {=IFERROR(_xlfn.XLOOKUP($I20,#REF!,_xlfn.XLOOKUP(BA$10,#REF!,#REF!,"",0,1),""),"")} | BB20: =IFERROR(_xlfn.XLOOKUP($I20,#REF!,#REF!,""),"") | BC20: =IFERROR(_xlfn.XLOOKUP($I20,#REF!,#REF!,""),"") | BD20: {=IFERROR(_xlfn.XLOOKUP($I20,#REF!,_xlfn.XLOOKUP(BD$10,#REF!,#REF!,"",0,1),""),"")} | BE20: {=IFERROR(_xlfn.XLOOKUP($I20,#REF!,_xlfn.XLOOKUP(BE$10,#REF!,#REF!,"",0,1),""),"")} | BF20: {=IFERROR(_xlfn.XLOOKUP($I20,#REF!,_xlfn.XLOOKUP(BF$10,#REF!,#REF!,"",0,1),""),"")} | BG20: {=IFERROR(_xlfn.XLOOKUP($I20,#REF!,_xlfn.XLOOKUP(BG$10,#REF!,#REF!,"",0,1),""),"")} | BH20: {=IFERROR(_xlfn.XLOOKUP($I20,#REF!,_xlfn.XLOOKUP(BH$10,#REF!,#REF!,"",0,1),""),"")} | BI20: {=IFERROR(_xlfn.XLOOKUP($I20,#REF!,_xlfn.XLOOKUP(BI$10,#REF!,#REF!,"",0,1),""),"")} | BJ20: {=IFERROR(_xlfn.XLOOKUP($I20,#REF!,_xlfn.XLOOKUP(BJ$10,#REF!,#REF!,"",0,1),""),"")} | BK20: {=IFERROR(_xlfn.XLOOKUP($I20,#REF!,_xlfn.XLOOKUP(BK$10,#REF!,#REF!,"",0,1),""),"")} | BL20: {=IFERROR(_xlfn.XLOOKUP($I20,#REF!,_xlfn.XLOOKUP(BL$10,#REF!,#REF!,"",0,1),""),"")} | BM20: =IFERROR(_xlfn.XLOOKUP($I20,#REF!,#REF!,""),"") | BN20: =IFERROR(_xlfn.XLOOKUP($I20,#REF!,#REF!,""),"") | BO20: =IFERROR(_xlfn.XLOOKUP($I20,#REF!,#REF!,""),"") | BP20: {=IFERROR(_xlfn.XLOOKUP($I20,#REF!,_xlfn.XLOOKUP(BP$10,#REF!,#REF!,"",0,1),""),"")} | BQ20: =IFERROR(_xlfn.XLOOKUP($I20,#REF!,#REF!,""),"") | BR20: =IFERROR(_xlfn.XLOOKUP($I20,#REF!,#REF!,""),"") | BS20: =IFERROR(_xlfn.XLOOKUP($I20,#REF!,#REF!,""),"") | BT20: =IFERROR(_xlfn.XLOOKUP($I20,#REF!,#REF!,""),"") | BU20: =IFERROR(_xlfn.XLOOKUP($I20,#REF!,#REF!,""),"") | BV20: =IFERROR(_xlfn.XLOOKUP($I20,#REF!,#REF!,""),"") | BW20: =IFERROR(_xlfn.XLOOKUP($I20,#REF!,#REF!,""),"")
C21: =IFERROR(_xlfn.XLOOKUP($I21,#REF!,#REF!,""),"") | D21: =IFERROR(_xlfn.XLOOKUP($I21,#REF!,#REF!,""),"") | E21: =IFERROR(_xlfn.XLOOKUP($I21,#REF!,#REF!,""),"") | F21: =IFERROR(_xlfn.XLOOKUP($I21,#REF!,#REF!,""),"") | G21: =IFERROR(_xlfn.XLOOKUP($I21,#REF!,#REF!,""),"") | H21: =IFERROR(_xlfn.XLOOKUP($I21,#REF!,#REF!,""),"") | I21: 102473 | J21: {=IFERROR(_xlfn.XLOOKUP($I21,#REF!,_xlfn.XLOOKUP(J$10,#REF!,#REF!,"",0,1),""),"")} | K21: {=IFERROR(_xlfn.XLOOKUP($I21,#REF!,_xlfn.XLOOKUP(K$10,#REF!,#REF!,"",0,1),""),"")} | L21: {=IFERROR(_xlfn.XLOOKUP($I21,#REF!,_xlfn.XLOOKUP(L$10,#REF!,#REF!,"",0,1),""),"")} | M21: {=IFERROR(_xlfn.XLOOKUP($I21,#REF!,_xlfn.XLOOKUP(M$10,#REF!,#REF!,"",0,1),""),"")} | N21: {=IFERROR(_xlfn.XLOOKUP($I21,#REF!,_xlfn.XLOOKUP(N$10,#REF!,#REF!,"",0,1),""),"")} | O21: {=IFERROR(_xlfn.XLOOKUP($I21,#REF!,_xlfn.XLOOKUP(O$10,#REF!,#REF!,"",0,1),""),"")} | P21: {=IFERROR(_xlfn.XLOOKUP($I21,#REF!,_xlfn.XLOOKUP(P$10,#REF!,#REF!,"",0,1),""),"")} | Q21: {=IFERROR(_xlfn.XLOOKUP($I21,#REF!,_xlfn.XLOOKUP(Q$10,#REF!,#REF!,"",0,1),""),"")} | R21: {=IFERROR(_xlfn.XLOOKUP($I21,#REF!,_xlfn.XLOOKUP(R$10,#REF!,#REF!,"",0,1),""),"")} | S21: =IFERROR(_xlfn.XLOOKUP($I21,#REF!,#REF!,""),"") | T21: =IFERROR(_xlfn.XLOOKUP($I21,#REF!,#REF!,""),"") | U21: =IFERROR(_xlfn.XLOOKUP($I21,#REF!,#REF!,""),"") | V21: =IFERROR(_xlfn.XLOOKUP($I21,#REF!,#REF!,""),"") | W21: {=IFERROR(_xlfn.XLOOKUP($I21,#REF!,_xlfn.XLOOKUP(W$10,#REF!,#REF!,"",0,1),""),"")} | X21: {=IFERROR(_xlfn.XLOOKUP($I21,#REF!,_xlfn.XLOOKUP(X$10,#REF!,#REF!,"",0,1),""),"")} | Y21: {=IFERROR(_xlfn.XLOOKUP($I21,#REF!,_xlfn.XLOOKUP(Y$10,#REF!,#REF!,"",0,1),""),"")} | Z21: {=IFERROR(_xlfn.XLOOKUP($I21,#REF!,_xlfn.XLOOKUP(Z$10,#REF!,#REF!,"",0,1),""),"")} | AA21: {=IFERROR(_xlfn.XLOOKUP($I21,#REF!,_xlfn.XLOOKUP(AA$10,#REF!,#REF!,"",0,1),""),"")} | AB21: {=IFERROR(_xlfn.XLOOKUP($I21,#REF!,_xlfn.XLOOKUP(AB$10,#REF!,#REF!,"",0,1),""),"")} | AC21: {=IFERROR(_xlfn.XLOOKUP($I21,#REF!,_xlfn.XLOOKUP(AC$10,#REF!,#REF!,"",0,1),""),"")} | AD21: {=IFERROR(_xlfn.XLOOKUP($I21,#REF!,_xlfn.XLOOKUP(AD$10,#REF!,#REF!,"",0,1),""),"")} | AF21: {=IFERROR(_xlfn.XLOOKUP($I21,#REF!,_xlfn.XLOOKUP(AF$10,#REF!,#REF!,"",0,1),""),"")} | AG21: {=IFERROR(_xlfn.XLOOKUP($I21,#REF!,_xlfn.XLOOKUP(AG$10,#REF!,#REF!,"",0,1),""),"")} | AH21: {=IFERROR(_xlfn.XLOOKUP($I21,#REF!,_xlfn.XLOOKUP(AH$10,#REF!,#REF!,"",0,1),""),"")} | AI21: {=IFERROR(_xlfn.XLOOKUP($I21,#REF!,_xlfn.XLOOKUP(AI$10,#REF!,#REF!,"",0,1),""),"")} | AL21: {=IFERROR(_xlfn.XLOOKUP($I21,#REF!,_xlfn.XLOOKUP(AL$10,#REF!,#REF!,"",0,1),""),"")} | AM21: {=IFERROR(_xlfn.XLOOKUP($I21,#REF!,_xlfn.XLOOKUP(AM$10,#REF!,#REF!,"",0,1),""),"")} | AN21: {=IFERROR(_xlfn.XLOOKUP($I21,#REF!,_xlfn.XLOOKUP(AN$10,#REF!,#REF!,"",0,1),""),"")} | AO21: {=IFERROR(_xlfn.XLOOKUP($I21,#REF!,_xlfn.XLOOKUP(AO$10,#REF!,#REF!,"",0,1),""),"")} | AP21: {=IFERROR(_xlfn.XLOOKUP($I21,#REF!,_xlfn.XLOOKUP(AP$10,#REF!,#REF!,"",0,1),""),"")} | AQ21: {=IFERROR(_xlfn.XLOOKUP($I21,#REF!,_xlfn.XLOOKUP(AQ$10,#REF!,#REF!,"",0,1),""),"")} | AR21: {=IFERROR(_xlfn.XLOOKUP($I21,#REF!,_xlfn.XLOOKUP(AR$10,#REF!,#REF!,"",0,1),""),"")} | AS21: {=IFERROR(_xlfn.XLOOKUP($I21,#REF!,_xlfn.XLOOKUP(AS$10,#REF!,#REF!,"",0,1),""),"")} | ... AV21: {=IFERROR(_xlfn.XLOOKUP($I21,#REF!,_xlfn.XLOOKUP(AV$10,#REF!,#REF!,"",0,1),""),"")} | AW21: =IFERROR(_xlfn.XLOOKUP($I21,#REF!,#REF!,""),"") | AX21: =IFERROR(_xlfn.XLOOKUP($I21,#REF!,#REF!,""),"") | AY21: =IFERROR(_xlfn.XLOOKUP($I21,#REF!,#REF!,""),"") | AZ21: {=IFERROR(_xlfn.XLOOKUP($I21,#REF!,_xlfn.XLOOKUP(AZ$10,#REF!,#REF!,"",0,1),""),"")} | BA21: {=IFERROR(_xlfn.XLOOKUP($I21,#REF!,_xlfn.XLOOKUP(BA$10,#REF!,#REF!,"",0,1),""),"")} | BB21: =IFERROR(_xlfn.XLOOKUP($I21,#REF!,#REF!,""),"") | BC21: =IFERROR(_xlfn.XLOOKUP($I21,#REF!,#REF!,""),"") | BD21: {=IFERROR(_xlfn.XLOOKUP($I21,#REF!,_xlfn.XLOOKUP(BD$10,#REF!,#REF!,"",0,1),""),"")} | BE21: {=IFERROR(_xlfn.XLOOKUP($I21,#REF!,_xlfn.XLOOKUP(BE$10,#REF!,#REF!,"",0,1),""),"")} | BF21: {=IFERROR(_xlfn.XLOOKUP($I21,#REF!,_xlfn.XLOOKUP(BF$10,#REF!,#REF!,"",0,1),""),"")} | BG21: {=IFERROR(_xlfn.XLOOKUP($I21,#REF!,_xlfn.XLOOKUP(BG$10,#REF!,#REF!,"",0,1),""),"")} | BH21: {=IFERROR(_xlfn.XLOOKUP($I21,#REF!,_xlfn.XLOOKUP(BH$10,#REF!,#REF!,"",0,1),""),"")} | BI21: {=IFERROR(_xlfn.XLOOKUP($I21,#REF!,_xlfn.XLOOKUP(BI$10,#REF!,#REF!,"",0,1),""),"")} | BJ21: {=IFERROR(_xlfn.XLOOKUP($I21,#REF!,_xlfn.XLOOKUP(BJ$10,#REF!,#REF!,"",0,1),""),"")} | BK21: {=IFERROR(_xlfn.XLOOKUP($I21,#REF!,_xlfn.XLOOKUP(BK$10,#REF!,#REF!,"",0,1),""),"")} | BL21: {=IFERROR(_xlfn.XLOOKUP($I21,#REF!,_xlfn.XLOOKUP(BL$10,#REF!,#REF!,"",0,1),""),"")} | BM21: =IFERROR(_xlfn.XLOOKUP($I21,#REF!,#REF!,""),"") | BN21: =IFERROR(_xlfn.XLOOKUP($I21,#REF!,#REF!,""),"") | BO21: =IFERROR(_xlfn.XLOOKUP($I21,#REF!,#REF!,""),"") | BP21: {=IFERROR(_xlfn.XLOOKUP($I21,#REF!,_xlfn.XLOOKUP(BP$10,#REF!,#REF!,"",0,1),""),"")} | BQ21: =IFERROR(_xlfn.XLOOKUP($I21,#REF!,#REF!,""),"") | BR21: =IFERROR(_xlfn.XLOOKUP($I21,#REF!,#REF!,""),"") | BS21: =IFERROR(_xlfn.XLOOKUP($I21,#REF!,#REF!,""),"") | BT21: =IFERROR(_xlfn.XLOOKUP($I21,#REF!,#REF!,""),"") | BU21: =IFERROR(_xlfn.XLOOKUP($I21,#REF!,#REF!,""),"") | BV21: =IFERROR(_xlfn.XLOOKUP($I21,#REF!,#REF!,""),"") | BW21: =IFERROR(_xlfn.XLOOKUP($I21,#REF!,#REF!,""),"")
C22: =IFERROR(_xlfn.XLOOKUP($I22,#REF!,#REF!,""),"") | D22: =IFERROR(_xlfn.XLOOKUP($I22,#REF!,#REF!,""),"") | E22: =IFERROR(_xlfn.XLOOKUP($I22,#REF!,#REF!,""),"") | F22: =IFERROR(_xlfn.XLOOKUP($I22,#REF!,#REF!,""),"") | G22: =IFERROR(_xlfn.XLOOKUP($I22,#REF!,#REF!,""),"") | H22: =IFERROR(_xlfn.XLOOKUP($I22,#REF!,#REF!,""),"") | I22: 101389 | J22: {=IFERROR(_xlfn.XLOOKUP($I22,#REF!,_xlfn.XLOOKUP(J$10,#REF!,#REF!,"",0,1),""),"")} | K22: {=IFERROR(_xlfn.XLOOKUP($I22,#REF!,_xlfn.XLOOKUP(K$10,#REF!,#REF!,"",0,1),""),"")} | L22: {=IFERROR(_xlfn.XLOOKUP($I22,#REF!,_xlfn.XLOOKUP(L$10,#REF!,#REF!,"",0,1),""),"")} | M22: {=IFERROR(_xlfn.XLOOKUP($I22,#REF!,_xlfn.XLOOKUP(M$10,#REF!,#REF!,"",0,1),""),"")} | N22: {=IFERROR(_xlfn.XLOOKUP($I22,#REF!,_xlfn.XLOOKUP(N$10,#REF!,#REF!,"",0,1),""),"")} | O22: {=IFERROR(_xlfn.XLOOKUP($I22,#REF!,_xlfn.XLOOKUP(O$10,#REF!,#REF!,"",0,1),""),"")} | P22: {=IFERROR(_xlfn.XLOOKUP($I22,#REF!,_xlfn.XLOOKUP(P$10,#REF!,#REF!,"",0,1),""),"")} | Q22: {=IFERROR(_xlfn.XLOOKUP($I22,#REF!,_xlfn.XLOOKUP(Q$10,#REF!,#REF!,"",0,1),""),"")} | R22: {=IFERROR(_xlfn.XLOOKUP($I22,#REF!,_xlfn.XLOOKUP(R$10,#REF!,#REF!,"",0,1),""),"")} | S22: =IFERROR(_xlfn.XLOOKUP($I22,#REF!,#REF!,""),"") | T22: =IFERROR(_xlfn.XLOOKUP($I22,#REF!,#REF!,""),"") | U22: =IFERROR(_xlfn.XLOOKUP($I22,#REF!,#REF!,""),"") | V22: =IFERROR(_xlfn.XLOOKUP($I22,#REF!,#REF!,""),"") | W22: {=IFERROR(_xlfn.XLOOKUP($I22,#REF!,_xlfn.XLOOKUP(W$10,#REF!,#REF!,"",0,1),""),"")} | X22: {=IFERROR(_xlfn.XLOOKUP($I22,#REF!,_xlfn.XLOOKUP(X$10,#REF!,#REF!,"",0,1),""),"")} | Y22: {=IFERROR(_xlfn.XLOOKUP($I22,#REF!,_xlfn.XLOOKUP(Y$10,#REF!,#REF!,"",0,1),""),"")} | Z22: {=IFERROR(_xlfn.XLOOKUP($I22,#REF!,_xlfn.XLOOKUP(Z$10,#REF!,#REF!,"",0,1),""),"")} | AA22: {=IFERROR(_xlfn.XLOOKUP($I22,#REF!,_xlfn.XLOOKUP(AA$10,#REF!,#REF!,"",0,1),""),"")} | AB22: {=IFERROR(_xlfn.XLOOKUP($I22,#REF!,_xlfn.XLOOKUP(AB$10,#REF!,#REF!,"",0,1),""),"")} | AC22: {=IFERROR(_xlfn.XLOOKUP($I22,#REF!,_xlfn.XLOOKUP(AC$10,#REF!,#REF!,"",0,1),""),"")} | AD22: {=IFERROR(_xlfn.XLOOKUP($I22,#REF!,_xlfn.XLOOKUP(AD$10,#REF!,#REF!,"",0,1),""),"")} | AF22: {=IFERROR(_xlfn.XLOOKUP($I22,#REF!,_xlfn.XLOOKUP(AF$10,#REF!,#REF!,"",0,1),""),"")} | AG22: {=IFERROR(_xlfn.XLOOKUP($I22,#REF!,_xlfn.XLOOKUP(AG$10,#REF!,#REF!,"",0,1),""),"")} | AH22: {=IFERROR(_xlfn.XLOOKUP($I22,#REF!,_xlfn.XLOOKUP(AH$10,#REF!,#REF!,"",0,1),""),"")} | AI22: {=IFERROR(_xlfn.XLOOKUP($I22,#REF!,_xlfn.XLOOKUP(AI$10,#REF!,#REF!,"",0,1),""),"")} | AL22: {=IFERROR(_xlfn.XLOOKUP($I22,#REF!,_xlfn.XLOOKUP(AL$10,#REF!,#REF!,"",0,1),""),"")} | AM22: {=IFERROR(_xlfn.XLOOKUP($I22,#REF!,_xlfn.XLOOKUP(AM$10,#REF!,#REF!,"",0,1),""),"")} | AN22: {=IFERROR(_xlfn.XLOOKUP($I22,#REF!,_xlfn.XLOOKUP(AN$10,#REF!,#REF!,"",0,1),""),"")} | AO22: {=IFERROR(_xlfn.XLOOKUP($I22,#REF!,_xlfn.XLOOKUP(AO$10,#REF!,#REF!,"",0,1),""),"")} | AP22: {=IFERROR(_xlfn.XLOOKUP($I22,#REF!,_xlfn.XLOOKUP(AP$10,#REF!,#REF!,"",0,1),""),"")} | AQ22: {=IFERROR(_xlfn.XLOOKUP($I22,#REF!,_xlfn.XLOOKUP(AQ$10,#REF!,#REF!,"",0,1),""),"")} | AR22: {=IFERROR(_xlfn.XLOOKUP($I22,#REF!,_xlfn.XLOOKUP(AR$10,#REF!,#REF!,"",0,1),""),"")} | AS22: {=IFERROR(_xlfn.XLOOKUP($I22,#REF!,_xlfn.XLOOKUP(AS$10,#REF!,#REF!,"",0,1),""),"")} | ... AV22: {=IFERROR(_xlfn.XLOOKUP($I22,#REF!,_xlfn.XLOOKUP(AV$10,#REF!,#REF!,"",0,1),""),"")} | AW22: =IFERROR(_xlfn.XLOOKUP($I22,#REF!,#REF!,""),"") | AX22: =IFERROR(_xlfn.XLOOKUP($I22,#REF!,#REF!,""),"") | AY22: =IFERROR(_xlfn.XLOOKUP($I22,#REF!,#REF!,""),"") | AZ22: {=IFERROR(_xlfn.XLOOKUP($I22,#REF!,_xlfn.XLOOKUP(AZ$10,#REF!,#REF!,"",0,1),""),"")} | BA22: {=IFERROR(_xlfn.XLOOKUP($I22,#REF!,_xlfn.XLOOKUP(BA$10,#REF!,#REF!,"",0,1),""),"")} | BB22: =IFERROR(_xlfn.XLOOKUP($I22,#REF!,#REF!,""),"") | BC22: =IFERROR(_xlfn.XLOOKUP($I22,#REF!,#REF!,""),"") | BD22: {=IFERROR(_xlfn.XLOOKUP($I22,#REF!,_xlfn.XLOOKUP(BD$10,#REF!,#REF!,"",0,1),""),"")} | BE22: {=IFERROR(_xlfn.XLOOKUP($I22,#REF!,_xlfn.XLOOKUP(BE$10,#REF!,#REF!,"",0,1),""),"")} | BF22: {=IFERROR(_xlfn.XLOOKUP($I22,#REF!,_xlfn.XLOOKUP(BF$10,#REF!,#REF!,"",0,1),""),"")} | BG22: {=IFERROR(_xlfn.XLOOKUP($I22,#REF!,_xlfn.XLOOKUP(BG$10,#REF!,#REF!,"",0,1),""),"")} | BH22: {=IFERROR(_xlfn.XLOOKUP($I22,#REF!,_xlfn.XLOOKUP(BH$10,#REF!,#REF!,"",0,1),""),"")} | BI22: {=IFERROR(_xlfn.XLOOKUP($I22,#REF!,_xlfn.XLOOKUP(BI$10,#REF!,#REF!,"",0,1),""),"")} | BJ22: {=IFERROR(_xlfn.XLOOKUP($I22,#REF!,_xlfn.XLOOKUP(BJ$10,#REF!,#REF!,"",0,1),""),"")} | BK22: {=IFERROR(_xlfn.XLOOKUP($I22,#REF!,_xlfn.XLOOKUP(BK$10,#REF!,#REF!,"",0,1),""),"")} | BL22: {=IFERROR(_xlfn.XLOOKUP($I22,#REF!,_xlfn.XLOOKUP(BL$10,#REF!,#REF!,"",0,1),""),"")} | BM22: =IFERROR(_xlfn.XLOOKUP($I22,#REF!,#REF!,""),"") | BN22: =IFERROR(_xlfn.XLOOKUP($I22,#REF!,#REF!,""),"") | BO22: =IFERROR(_xlfn.XLOOKUP($I22,#REF!,#REF!,""),"") | BP22: {=IFERROR(_xlfn.XLOOKUP($I22,#REF!,_xlfn.XLOOKUP(BP$10,#REF!,#REF!,"",0,1),""),"")} | BQ22: =IFERROR(_xlfn.XLOOKUP($I22,#REF!,#REF!,""),"") | BR22: =IFERROR(_xlfn.XLOOKUP($I22,#REF!,#REF!,""),"") | BS22: =IFERROR(_xlfn.XLOOKUP($I22,#REF!,#REF!,""),"") | BT22: =IFERROR(_xlfn.XLOOKUP($I22,#REF!,#REF!,""),"") | BU22: =IFERROR(_xlfn.XLOOKUP($I22,#REF!,#REF!,""),"") | BV22: =IFERROR(_xlfn.XLOOKUP($I22,#REF!,#REF!,""),"") | BW22: =IFERROR(_xlfn.XLOOKUP($I22,#REF!,#REF!,""),"")
... C69: =IFERROR(_xlfn.XLOOKUP($I69,#REF!,#REF!,""),"") | D69: =IFERROR(_xlfn.XLOOKUP($I69,#REF!,#REF!,""),"") | E69: =IFERROR(_xlfn.XLOOKUP($I69,#REF!,#REF!,""),"") | F69: =IFERROR(_xlfn.XLOOKUP($I69,#REF!,#REF!,""),"") | G69: =IFERROR(_xlfn.XLOOKUP($I69,#REF!,#REF!,""),"") | H69: =IFERROR(_xlfn.XLOOKUP($I69,#REF!,#REF!,""),"") | I69: 110425 | J69: {=IFERROR(_xlfn.XLOOKUP($I69,#REF!,_xlfn.XLOOKUP(J$10,#REF!,#REF!,"",0,1),""),"")} | K69: {=IFERROR(_xlfn.XLOOKUP($I69,#REF!,_xlfn.XLOOKUP(K$10,#REF!,#REF!,"",0,1),""),"")} | L69: {=IFERROR(_xlfn.XLOOKUP($I69,#REF!,_xlfn.XLOOKUP(L$10,#REF!,#REF!,"",0,1),""),"")} | M69: {=IFERROR(_xlfn.XLOOKUP($I69,#REF!,_xlfn.XLOOKUP(M$10,#REF!,#REF!,"",0,1),""),"")} | N69: {=IFERROR(_xlfn.XLOOKUP($I69,#REF!,_xlfn.XLOOKUP(N$10,#REF!,#REF!,"",0,1),""),"")} | O69: {=IFERROR(_xlfn.XLOOKUP($I69,#REF!,_xlfn.XLOOKUP(O$10,#REF!,#REF!,"",0,1),""),"")} | P69: {=IFERROR(_xlfn.XLOOKUP($I69,#REF!,_xlfn.XLOOKUP(P$10,#REF!,#REF!,"",0,1),""),"")} | Q69: {=IFERROR(_xlfn.XLOOKUP($I69,#REF!,_xlfn.XLOOKUP(Q$10,#REF!,#REF!,"",0,1),""),"")} | R69: {=IFERROR(_xlfn.XLOOKUP($I69,#REF!,_xlfn.XLOOKUP(R$10,#REF!,#REF!,"",0,1),""),"")} | S69: =IFERROR(_xlfn.XLOOKUP($I69,#REF!,#REF!,""),"") | T69: =IFERROR(_xlfn.XLOOKUP($I69,#REF!,#REF!,""),"") | U69: =IFERROR(_xlfn.XLOOKUP($I69,#REF!,#REF!,""),"") | V69: =IFERROR(_xlfn.XLOOKUP($I69,#REF!,#REF!,""),"") | W69: {=IFERROR(_xlfn.XLOOKUP($I69,#REF!,_xlfn.XLOOKUP(W$10,#REF!,#REF!,"",0,1),""),"")} | X69: {=IFERROR(_xlfn.XLOOKUP($I69,#REF!,_xlfn.XLOOKUP(X$10,#REF!,#REF!,"",0,1),""),"")} | Y69: {=IFERROR(_xlfn.XLOOKUP($I69,#REF!,_xlfn.XLOOKUP(Y$10,#REF!,#REF!,"",0,1),""),"")} | Z69: {=IFERROR(_xlfn.XLOOKUP($I69,#REF!,_xlfn.XLOOKUP(Z$10,#REF!,#REF!,"",0,1),""),"")} | AA69: {=IFERROR(_xlfn.XLOOKUP($I69,#REF!,_xlfn.XLOOKUP(AA$10,#REF!,#REF!,"",0,1),""),"")} | AB69: {=IFERROR(_xlfn.XLOOKUP($I69,#REF!,_xlfn.XLOOKUP(AB$10,#REF!,#REF!,"",0,1),""),"")} | AC69: {=IFERROR(_xlfn.XLOOKUP($I69,#REF!,_xlfn.XLOOKUP(AC$10,#REF!,#REF!,"",0,1),""),"")} | AD69: {=IFERROR(_xlfn.XLOOKUP($I69,#REF!,_xlfn.XLOOKUP(AD$10,#REF!,#REF!,"",0,1),""),"")} | AF69: {=IFERROR(_xlfn.XLOOKUP($I69,#REF!,_xlfn.XLOOKUP(AF$10,#REF!,#REF!,"",0,1),""),"")} | AG69: {=IFERROR(_xlfn.XLOOKUP($I69,#REF!,_xlfn.XLOOKUP(AG$10,#REF!,#REF!,"",0,1),""),"")} | AH69: {=IFERROR(_xlfn.XLOOKUP($I69,#REF!,_xlfn.XLOOKUP(AH$10,#REF!,#REF!,"",0,1),""),"")} | AI69: {=IFERROR(_xlfn.XLOOKUP($I69,#REF!,_xlfn.XLOOKUP(AI$10,#REF!,#REF!,"",0,1),""),"")} | AL69: {=IFERROR(_xlfn.XLOOKUP($I69,#REF!,_xlfn.XLOOKUP(AL$10,#REF!,#REF!,"",0,1),""),"")} | AM69: {=IFERROR(_xlfn.XLOOKUP($I69,#REF!,_xlfn.XLOOKUP(AM$10,#REF!,#REF!,"",0,1),""),"")} | AN69: {=IFERROR(_xlfn.XLOOKUP($I69,#REF!,_xlfn.XLOOKUP(AN$10,#REF!,#REF!,"",0,1),""),"")} | AO69: {=IFERROR(_xlfn.XLOOKUP($I69,#REF!,_xlfn.XLOOKUP(AO$10,#REF!,#REF!,"",0,1),""),"")} | AP69: {=IFERROR(_xlfn.XLOOKUP($I69,#REF!,_xlfn.XLOOKUP(AP$10,#REF!,#REF!,"",0,1),""),"")} | AQ69: {=IFERROR(_xlfn.XLOOKUP($I69,#REF!,_xlfn.XLOOKUP(AQ$10,#REF!,#REF!,"",0,1),""),"")} | AR69: {=IFERROR(_xlfn.XLOOKUP($I69,#REF!,_xlfn.XLOOKUP(AR$10,#REF!,#REF!,"",0,1),""),"")} | AS69: {=IFERROR(_xlfn.XLOOKUP($I69,#REF!,_xlfn.XLOOKUP(AS$10,#REF!,#REF!,"",0,1),""),"")} | ... AV69: {=IFERROR(_xlfn.XLOOKUP($I69,#REF!,_xlfn.XLOOKUP(AV$10,#REF!,#REF!,"",0,1),""),"")} | AW69: =IFERROR(_xlfn.XLOOKUP($I69,#REF!,#REF!,""),"") | AX69: =IFERROR(_xlfn.XLOOKUP($I69,#REF!,#REF!,""),"") | AY69: =IFERROR(_xlfn.XLOOKUP($I69,#REF!,#REF!,""),"") | AZ69: {=IFERROR(_xlfn.XLOOKUP($I69,#REF!,_xlfn.XLOOKUP(AZ$10,#REF!,#REF!,"",0,1),""),"")} | BA69: {=IFERROR(_xlfn.XLOOKUP($I69,#REF!,_xlfn.XLOOKUP(BA$10,#REF!,#REF!,"",0,1),""),"")} | BB69: =IFERROR(_xlfn.XLOOKUP($I69,#REF!,#REF!,""),"") | BC69: =IFERROR(_xlfn.XLOOKUP($I69,#REF!,#REF!,""),"") | BD69: {=IFERROR(_xlfn.XLOOKUP($I69,#REF!,_xlfn.XLOOKUP(BD$10,#REF!,#REF!,"",0,1),""),"")} | BE69: {=IFERROR(_xlfn.XLOOKUP($I69,#REF!,_xlfn.XLOOKUP(BE$10,#REF!,#REF!,"",0,1),""),"")} | BF69: {=IFERROR(_xlfn.XLOOKUP($I69,#REF!,_xlfn.XLOOKUP(BF$10,#REF!,#REF!,"",0,1),""),"")} | BG69: {=IFERROR(_xlfn.XLOOKUP($I69,#REF!,_xlfn.XLOOKUP(BG$10,#REF!,#REF!,"",0,1),""),"")} | BH69: {=IFERROR(_xlfn.XLOOKUP($I69,#REF!,_xlfn.XLOOKUP(BH$10,#REF!,#REF!,"",0,1),""),"")} | BI69: {=IFERROR(_xlfn.XLOOKUP($I69,#REF!,_xlfn.XLOOKUP(BI$10,#REF!,#REF!,"",0,1),""),"")} | BJ69: {=IFERROR(_xlfn.XLOOKUP($I69,#REF!,_xlfn.XLOOKUP(BJ$10,#REF!,#REF!,"",0,1),""),"")} | BK69: {=IFERROR(_xlfn.XLOOKUP($I69,#REF!,_xlfn.XLOOKUP(BK$10,#REF!,#REF!,"",0,1),""),"")} | BL69: {=IFERROR(_xlfn.XLOOKUP($I69,#REF!,_xlfn.XLOOKUP(BL$10,#REF!,#REF!,"",0,1),""),"")} | BM69: =IFERROR(_xlfn.XLOOKUP($I69,#REF!,#REF!,""),"") | BN69: =IFERROR(_xlfn.XLOOKUP($I69,#REF!,#REF!,""),"") | BO69: =IFERROR(_xlfn.XLOOKUP($I69,#REF!,#REF!,""),"") | BP69: {=IFERROR(_xlfn.XLOOKUP($I69,#REF!,_xlfn.XLOOKUP(BP$10,#REF!,#REF!,"",0,1),""),"")} | BQ69: =IFERROR(_xlfn.XLOOKUP($I69,#REF!,#REF!,""),"") | BR69: =IFERROR(_xlfn.XLOOKUP($I69,#REF!,#REF!,""),"") | BS69: =IFERROR(_xlfn.XLOOKUP($I69,#REF!,#REF!,""),"") | BT69: =IFERROR(_xlfn.XLOOKUP($I69,#REF!,#REF!,""),"") | BU69: =IFERROR(_xlfn.XLOOKUP($I69,#REF!,#REF!,""),"") | BV69: =IFERROR(_xlfn.XLOOKUP($I69,#REF!,#REF!,""),"") | BW69: =IFERROR(_xlfn.XLOOKUP($I69,#REF!,#REF!,""),"")
C70: Facultad de Sociedad, Cultura y Creatividad | D70: Marketing y Branding | E70: Especialización en Gerencia de Mercadeo | F70: Virtual | G70: Especialización | H70: Nacional | I70: 54768 | J70: {=IFERROR(_xlfn.XLOOKUP($I70,#REF!,_xlfn.XLOOKUP(J$10,#REF!,#REF!,"",0,1),""),"")} | K70: {=IFERROR(_xlfn.XLOOKUP($I70,#REF!,_xlfn.XLOOKUP(K$10,#REF!,#REF!,"",0,1),""),"")} | L70: {=IFERROR(_xlfn.XLOOKUP($I70,#REF!,_xlfn.XLOOKUP(L$10,#REF!,#REF!,"",0,1),""),"")} | M70: {=IFERROR(_xlfn.XLOOKUP($I70,#REF!,_xlfn.XLOOKUP(M$10,#REF!,#REF!,"",0,1),""),"")} | N70: {=IFERROR(_xlfn.XLOOKUP($I70,#REF!,_xlfn.XLOOKUP(N$10,#REF!,#REF!,"",0,1),""),"")} | O70: {=IFERROR(_xlfn.XLOOKUP($I70,#REF!,_xlfn.XLOOKUP(O$10,#REF!,#REF!,"",0,1),""),"")} | P70: {=IFERROR(_xlfn.XLOOKUP($I70,#REF!,_xlfn.XLOOKUP(P$10,#REF!,#REF!,"",0,1),""),"")} | Q70: {=IFERROR(_xlfn.XLOOKUP($I70,#REF!,_xlfn.XLOOKUP(Q$10,#REF!,#REF!,"",0,1),""),"")} | R70: {=IFERROR(_xlfn.XLOOKUP($I70,#REF!,_xlfn.XLOOKUP(R$10,#REF!,#REF!,"",0,1),""),"")} | S70: finalizado | U70: finalizado | W70: {=IFERROR(_xlfn.XLOOKUP($I70,#REF!,_xlfn.XLOOKUP(W$10,#REF!,#REF!,"",0,1),""),"")} | X70: {=IFERROR(_xlfn.XLOOKUP($I70,#REF!,_xlfn.XLOOKUP(X$10,#REF!,#REF!,"",0,1),""),"")} | Y70: {=IFERROR(_xlfn.XLOOKUP($I70,#REF!,_xlfn.XLOOKUP(Y$10,#REF!,#REF!,"",0,1),""),"")} | Z70: {=IFERROR(_xlfn.XLOOKUP($I70,#REF!,_xlfn.XLOOKUP(Z$10,#REF!,#REF!,"",0,1),""),"")} | AA70: {=IFERROR(_xlfn.XLOOKUP($I70,#REF!,_xlfn.XLOOKUP(AA$10,#REF!,#REF!,"",0,1),""),"")} | AB70: {=IFERROR(_xlfn.XLOOKUP($I70,#REF!,_xlfn.XLOOKUP(AB$10,#REF!,#REF!,"",0,1),""),"")} | AC70: {=IFERROR(_xlfn.XLOOKUP($I70,#REF!,_xlfn.XLOOKUP(AC$10,#REF!,#REF!,"",0,1),""),"")} | AD70: {=IFERROR(_xlfn.XLOOKUP($I70,#REF!,_xlfn.XLOOKUP(AD$10,#REF!,#REF!,"",0,1),""),"")} | AF70: {=IFERROR(_xlfn.XLOOKUP($I70,#REF!,_xlfn.XLOOKUP(AF$10,#REF!,#REF!,"",0,1),""),"")} | AG70: {=IFERROR(_xlfn.XLOOKUP($I70,#REF!,_xlfn.XLOOKUP(AG$10,#REF!,#REF!,"",0,1),""),"")} | AH70: {=IFERROR(_xlfn.XLOOKUP($I70,#REF!,_xlfn.XLOOKUP(AH$10,#REF!,#REF!,"",0,1),""),"")} | AI70: {=IFERROR(_xlfn.XLOOKUP($I70,#REF!,_xlfn.XLOOKUP(AI$10,#REF!,#REF!,"",0,1),""),"")} | AL70: {=IFERROR(_xlfn.XLOOKUP($I70,#REF!,_xlfn.XLOOKUP(AL$10,#REF!,#REF!,"",0,1),""),"")} | AM70: {=IFERROR(_xlfn.XLOOKUP($I70,#REF!,_xlfn.XLOOKUP(AM$10,#REF!,#REF!,"",0,1),""),"")} | AN70: {=IFERROR(_xlfn.XLOOKUP($I70,#REF!,_xlfn.XLOOKUP(AN$10,#REF!,#REF!,"",0,1),""),"")} | AO70: {=IFERROR(_xlfn.XLOOKUP($I70,#REF!,_xlfn.XLOOKUP(AO$10,#REF!,#REF!,"",0,1),""),"")} | AP70: {=IFERROR(_xlfn.XLOOKUP($I70,#REF!,_xlfn.XLOOKUP(AP$10,#REF!,#REF!,"",0,1),""),"")} | AQ70: {=IFERROR(_xlfn.XLOOKUP($I70,#REF!,_xlfn.XLOOKUP(AQ$10,#REF!,#REF!,"",0,1),""),"")} | AR70: {=IFERROR(_xlfn.XLOOKUP($I70,#REF!,_xlfn.XLOOKUP(AR$10,#REF!,#REF!,"",0,1),""),"")} | AS70: {=IFERROR(_xlfn.XLOOKUP($I70,#REF!,_xlfn.XLOOKUP(AS$10,#REF!,#REF!,"",0,1),""),"")} | ... AV70: {=IFERROR(_xlfn.XLOOKUP($I70,#REF!,_xlfn.XLOOKUP(AV$10,#REF!,#REF!,"",0,1),""),"")} | AZ70: {=IFERROR(_xlfn.XLOOKUP($I70,#REF!,_xlfn.XLOOKUP(AZ$10,#REF!,#REF!,"",0,1),""),"")} | BA70: {=IFERROR(_xlfn.XLOOKUP($I70,#REF!,_xlfn.XLOOKUP(BA$10,#REF!,#REF!,"",0,1),""),"")} | BD70: {=IFERROR(_xlfn.XLOOKUP($I70,#REF!,_xlfn.XLOOKUP(BD$10,#REF!,#REF!,"",0,1),""),"")} | BE70: {=IFERROR(_xlfn.XLOOKUP($I70,#REF!,_xlfn.XLOOKUP(BE$10,#REF!,#REF!,"",0,1),""),"")} | BF70: {=IFERROR(_xlfn.XLOOKUP($I70,#REF!,_xlfn.XLOOKUP(BF$10,#REF!,#REF!,"",0,1),""),"")} | BG70: {=IFERROR(_xlfn.XLOOKUP($I70,#REF!,_xlfn.XLOOKUP(BG$10,#REF!,#REF!,"",0,1),""),"")} | BH70: {=IFERROR(_xlfn.XLOOKUP($I70,#REF!,_xlfn.XLOOKUP(BH$10,#REF!,#REF!,"",0,1),""),"")} | BI70: {=IFERROR(_xlfn.XLOOKUP($I70,#REF!,_xlfn.XLOOKUP(BI$10,#REF!,#REF!,"",0,1),""),"")} | BJ70: {=IFERROR(_xlfn.XLOOKUP($I70,#REF!,_xlfn.XLOOKUP(BJ$10,#REF!,#REF!,"",0,1),""),"")} | BK70: {=IFERROR(_xlfn.XLOOKUP($I70,#REF!,_xlfn.XLOOKUP(BK$10,#REF!,#REF!,"",0,1),""),"")} | BL70: {=IFERROR(_xlfn.XLOOKUP($I70,#REF!,_xlfn.XLOOKUP(BL$10,#REF!,#REF!,"",0,1),""),"")} | BP70: sin iniciar | BV70: 2027-2

Sheet Etapas
W1: Generar estudio de viabilidad financiera por plan de estudios
W2: Generar estudio de viabilidad financiera por plan de estudios
W3: Generar estudio de viabilidad financiera por plan de estudios
T4: en proceso | W4: Generar estudio de viabilidad financiera por plan de estudios
T5: finalizado | W5: Generar estudio de viabilidad financiera por plan de estudios
T6: sin iniciar | W6: Generar estudio de viabilidad financiera por plan de estudios
W7: Generar estudio de viabilidad financiera por plan de estudios
C8: FASES DE LA REFORMA CURRICULAR | L8: ALISTAMIENTO CURRICULAR | R8: DISEÑO CURRICULAR | AD8: DESARRLLO CURRICULAR | AT8: IMPLEMENTACIÓN CURRICULAR
C9: AREAS INVOLUCRADAS | L9: ESCUELAS/ DECANATURA | R9: DIRECCIÓN DE CURRÍCULO | W9: SECRETARÍA ACADÉMICA Y DE DOCENCIA | X9: DIRECCIÓN FINANCIERA | Y9: DIRECCIÓN DE ASEGURAMIENTO DE LA CALIDAD | AD9: GERENCIA DE OPERACIONES VIRTUAL | AG9: GERENCIA DE OPERACIONES ACADEMICAS | AI9: GERENCIA DE OPERACIONES ACADEMICAS-BANNER | AL9: CONVENIOS Y HOMOLOGACIONES | AT9: DIRECCIÓN DE MERCADO
C10: INFORMACIÓN DE PROGRAMAS | L10: Diligenciar Plan de estudios diligenciado por las Escuelas en el formato Institucional | M10: Elaborar de Syllabus por programa | N10: Diligenciar ACTAS, formatos de competencias y rutas de homologación | O10: Aprobar los syllabus de cada programa por los decanos | P10: Aprobar reforma académica | Q10: Avance alistamiento curricular | R10: Revirar plan de estudios en el formato Institucional de cara a la política y lineamientos curriculares -Propuesta del plan de estudios | S10: Validar instrumento de verificación curricular | T10: Diligenciar los perfiles, competencias y resultados de aprendizaje | U10: Diligenciar el plan de Impacto del reforzamiento en la capacidad financiera del Sistema de Educación Virtual | V10: Diligenciar formatos de proyecciones académicas y financieras. Impacto en docencia | W10: Generar estudio de viabilidad Docente por plan de estudios | X10: Generar estudio de viabilidad financiera por plan de estudios | Y10: Elaborar planes de transición | Z10: Validar tipo de trámite de aseguramiento de la calidad | AA10: validar el estado del tramite | AB10: Validar que el plan de estudios de reforma es equivalente al presentado al MEN | AC10: Avance Diseño curricular | AD10: Revisar el Syllabus para producción de contenido | AE10: Revisar que se tenga autor asignado | AF10: Gestionar la virtualización de módulos de acuerdo al alcance | AG10: Crear y Actualizar configuración de aulas Master | AH10: Aprobar aulas Máster | AI10: Generar el cierre de validación técnico, revisando los parámetros de cada materias. | AJ10: Socializar el plan de estudios (PDF)- preliminar | AK10: Parametrizar programas dentro del sistema Banner | AL10: Actualizar Actas de articulación y homologación | AM10: Gestionar firmas del acta de homologaciones | AN10: Actualizar Rutas Sugeridas por programa | AO10: Actualizar Reconocimiento de competencias | AP10: Actualizar maestro de convenios | AQ10: Parametrizar convenios y homologaciones en registro y control | AR10: Parametrizar del convenio con atributo desde Matricula en Banner | AS10: Avance Desarrollo curricular | AT10: Publicar plan de estudios (PDF) en la página WEB | AU10: Implementar campaña de comunicación del nuevo programa | AV10: Avance Implementación curricular | AW10: Avance general de reforma por programa
C11: FACULTAD | D11: ESCUELA | E11: NOMBRE DEL PROGRAMA | F11: MODALIDAD | G11: NIVEL | H11: COMPARTIDAS /INSTITUCIONAL- | I11: SEDE | J11: SNIES VIGENTE | K11: PERIODO DE IMPLEMENTACIÓN | L11: Formato creación de programas Banner | M11: Syllabus Completos | N11: Actas /formato de homologación- convenios- articulación | O11: Syllabus de programa | P11: Vo Bo PPT | Q11: % de Avance Alistamiento Curricular | R11: Formato creación de programas Banner | S11: Verificación curricular | T11: Formato RA | U11: Plan de virtualización | V11: Formato de proyecciones académicas y financieras | W11: Generar estudio de viabilidad financiera por plan de estudios | X11: 5.Formato de proyecciones académicas y financieras | Y11: Plan de Transición | Z11: Cronograma de trámites frente al MEN | AA11: Cronograma de trámites frente al MEN | AB11: ¿El plan de estudios es único y equivalente (MEN = Reforma) | AC11: % de Avance Diseño curricular | AD11: Syllabus aprobado | AE11: Autor aprobado | AF11: Producción del Contenido | AG11: Carga de contenidos en CANVAS | AH11: Vo Bo de academia | AI11: Informe de Validación de técnica con formato Banner | AJ11: Bobo de facultad del PDF | AK11: Creación de programas Banner | AL11: Acta de homologación | AM11: Bono de currículo y Vice académica/decanatura | AN11: Ruta sugerida programa homologación apli articulación convenio | AO11: Formato reconocimiento de competencias o resultados de aprendizaje para homologación | AP11: Formato maestro de convenios | AQ11: Parametrización en Banner | AR11: Parametrización Banner | AS11: % de Avance Desarroollo Curricular | AT11: PDF | AU11: Piezas de comunicación | AV11: % de Avance Implementación curricular | AW11: % de Avance general de reforma por programa
C12: Facultad de Sociedad, Cultura y Creatividad | D12: Comunicación, Artes Visuales y Digitales | E12: Comunicación Digital | F12: Presencial | G12: Profesional | H12: 10 | I12: Medellín | J12: 108274 | K12: 2027-1 | L12: Finalizado | M12: Sin Iniciar | N12: Sin Iniciar | O12: Sin Iniciar | P12: Sin Iniciar | Q12: =(COUNTIF(L12:P12,"Finalizado")*1 + COUNTIF(L12:P12,"En proceso")*0.5 + COUNTIF(L12:P12,"Sin Iniciar")*0 + COUNTIF(L12:P12,"No aplica")*1) / 5 -> 0.2 | R12: Finalizado | S12: Finalizado | T12: Finalizado | U12: No aplica | V12: Finalizado | W12: Finalizado | X12: Finalizado | Y12: Sin Iniciar | Z12: Renovación de Registro Calificado | AA12: Finalizado | AB12: Sin Iniciar | AC12: =(COUNTIF(R12:AB12,"Finalizado")*1 + COUNTIF(R12:AB12,"En proceso")*0.5 + COUNTIF(R12:AB12,"Sin Iniciar")*0 + COUNTIF(R12:AB12,"No aplica")*1) / 9 -> 0.88888889 | AD12: No aplica | AE12: No aplica | AF12: No aplica | AG12: No aplica | AH12: Sin Iniciar | AI12: Sin Iniciar | AJ12: Sin Iniciar | AK12: Sin Iniciar | AL12: Sin Iniciar | AM12: Sin Iniciar | AN12: Sin Iniciar | AO12: Sin Iniciar | AP12: Sin Iniciar | AQ12: Sin Iniciar | AR12: Sin Iniciar | AS12: =(COUNTIF(AD12:AR12,"Finalizado")*1 + COUNTIF(AD12:AR12,"En proceso")*0.5 + COUNTIF(AD12:AR12,"Sin Iniciar")*0 + COUNTIF(AD12:AR12,"No aplica")*1) / 15 -> 0.26666667 | AT12: Sin Iniciar | AU12: Sin Iniciar | AV12: =(COUNTIF(AT12:AU12,"Finalizado")*1 + COUNTIF(AT12:AU12,"En proceso")*0.5 + COUNTIF(AT12:AU12,"Sin Iniciar")*0 + COUNTIF(AT12:AU12,"No aplica")*1) / 2 -> 0 | AW12: =AVERAGE(Q12,AC12,AS12,AV12) -> 0.33888889
C13: Facultad de Sociedad, Cultura y Creatividad | D13: Derecho y Gobierno | E13: Derecho | F13: Virtual | G13: Profesional | H13: 10 | I13: Nacional | J13: 111231 | K13: 2027-1 | L13: Finalizado | M13: Finalizado | N13: En proceso | O13: Finalizado | P13: Sin Iniciar | Q13: =(COUNTIF(L13:P13,"Finalizado")*1 + COUNTIF(L13:P13,"En proceso")*0.5 + COUNTIF(L13:P13,"Sin Iniciar")*0 + COUNTIF(L13:P13,"No aplica")*1) / 5 -> 0.7 | R13: Finalizado | S13: Finalizado | T13: Finalizado | U13: Finalizado | V13: Finalizado | W13: Finalizado | X13: Devuelto | Y13: Sin Iniciar | Z13: Modificación de Registro Calificado | AA13: En proceso | AB13: Sin Iniciar | AC13: =(COUNTIF(R13:AB13,"Finalizado")*1 + COUNTIF(R13:AB13,"En proceso")*0.5 + COUNTIF(R13:AB13,"Sin Iniciar")*0 + COUNTIF(R13:AB13,"No aplica")*1) / 9 -> 0.72222222 | AD13: Finalizado | AE13: Finalizado | AF13: En proceso | AG13: En proceso | AH13: Sin Iniciar | AI13: En proceso | AJ13: Sin Iniciar | AK13: En proceso | AL13: Sin Iniciar | AM13: Sin Iniciar | AN13: Sin Iniciar | AO13: Sin Iniciar | AP13: Sin Iniciar | AQ13: Sin Iniciar | AR13: Sin Iniciar | AS13: =(COUNTIF(AD13:AR13,"Finalizado")*1 + COUNTIF(AD13:AR13,"En proceso")*0.5 + COUNTIF(AD13:AR13,"Sin Iniciar")*0 + COUNTIF(AD13:AR13,"No aplica")*1) / 15 -> 0.26666667 | AT13: Sin Iniciar | AU13: Sin Iniciar | AV13: =(COUNTIF(AT13:AU13,"Finalizado")*1 + COUNTIF(AT13:AU13,"En proceso")*0.5 + COUNTIF(AT13:AU13,"Sin Iniciar")*0 + COUNTIF(AT13:AU13,"No aplica")*1) / 2 -> 0 | AW13: =AVERAGE(Q13,AC13,AS13,AV13) -> 0.42222222
C14: Facultad de Sociedad, Cultura y Creatividad | D14: Derecho y Gobierno | E14: Técnica Profesional Judicial | F14: Virtual | G14: Técnico | H14: 10 | I14: Nacional | J14: 101647 | K14: 2026-2 | L14: Finalizado | M14: Finalizado | N14: Finalizado | O14: Finalizado | P14: Sin Iniciar | Q14: =(COUNTIF(L14:P14,"Finalizado")*1 + COUNTIF(L14:P14,"En proceso")*0.5 + COUNTIF(L14:P14,"Sin Iniciar")*0 + COUNTIF(L14:P14,"No aplica")*1) / 5 -> 0.8 | R14: Finalizado | S14: Finalizado | T14: Finalizado | U14: Finalizado | V14: Finalizado | W14: Finalizado | X14: Finalizado | Y14: Sin Iniciar | Z14: Modificación de Registro Calificado | AA14: En proceso | AB14: Sin Iniciar | AC14: =(COUNTIF(R14:AB14,"Finalizado")*1 + COUNTIF(R14:AB14,"En proceso")*0.5 + COUNTIF(R14:AB14,"Sin Iniciar")*0 + COUNTIF(R14:AB14,"No aplica")*1) / 9 -> 0.83333333 | AD14: Finalizado | AE14: Finalizado | AF14: Finalizado | AG14: En proceso | AH14: Sin Iniciar | AI14: Sin Iniciar | AJ14: Sin Iniciar | AK14: Sin Iniciar | AL14: No aplica | AM14: No aplica | AN14: No aplica | AO14: No aplica | AP14: No aplica | AQ14: No aplica | AR14: No aplica | AS14: =(COUNTIF(AD14:AR14,"Finalizado")*1 + COUNTIF(AD14:AR14,"En proceso")*0.5 + COUNTIF(AD14:AR14,"Sin Iniciar")*0 + COUNTIF(AD14:AR14,"No aplica")*1) / 15 -> 0.7 | AT14: Sin Iniciar | AU14: Sin Iniciar | AV14: =(COUNTIF(AT14:AU14,"Finalizado")*1 + COUNTIF(AT14:AU14,"En proceso")*0.5 + COUNTIF(AT14:AU14,"Sin Iniciar")*0 + COUNTIF(AT14:AU14,"No aplica")*1) / 2 -> 0 | AW14: =AVERAGE(Q14,AC14,AS14,AV14) -> 0.58333333
C15: Facultad de Sociedad, Cultura y Creatividad | D15: Derecho y Gobierno | E15: Derecho | F15: Híbrido | G15: Profesional | H15: 10 | I15: Medellín | J15: 102464 | K15: 2027-1 | L15: Finalizado | M15: Sin Iniciar | N15: Sin Iniciar | O15: Sin Iniciar | P15: Sin Iniciar | Q15: =(COUNTIF(L15:P15,"Finalizado")*1 + COUNTIF(L15:P15,"En proceso")*0.5 + COUNTIF(L15:P15,"Sin Iniciar")*0 + COUNTIF(L15:P15,"No aplica")*1) / 5 -> 0.2 | R15: Finalizado | S15: Finalizado | T15: Finalizado | U15: Finalizado | V15: Finalizado | W15: Finalizado | X15: Devuelto | Y15: Sin Iniciar | Z15: Renovación de Registro Calificado | AA15: En proceso | AB15: Sin Iniciar | AC15: =(COUNTIF(R15:AB15,"Finalizado")*1 + COUNTIF(R15:AB15,"En proceso")*0.5 + COUNTIF(R15:AB15,"Sin Iniciar")*0 + COUNTIF(R15:AB15,"No aplica")*1) / 9 -> 0.72222222 | AD15: Sin Iniciar | AE15: Sin Iniciar | AF15: Sin Iniciar | AG15: Sin Iniciar | AH15: Sin Iniciar | AI15: Sin Iniciar | AJ15: Sin Iniciar | AK15: Sin Iniciar | AL15: Sin Iniciar | AM15: Sin Iniciar | AN15: Sin Iniciar | AO15: Sin Iniciar | AP15: Sin Iniciar | AQ15: Sin Iniciar | AR15: Sin Iniciar | AS15: =(COUNTIF(AD15:AR15,"Finalizado")*1 + COUNTIF(AD15:AR15,"En proceso")*0.5 + COUNTIF(AD15:AR15,"Sin Iniciar")*0 + COUNTIF(AD15:AR15,"No aplica")*1) / 15 -> 0 | AT15: Sin Iniciar | AU15: Sin Iniciar | AV15: =(COUNTIF(AT15:AU15,"Finalizado")*1 + COUNTIF(AT15:AU15,"En proceso")*0.5 + COUNTIF(AT15:AU15,"Sin Iniciar")*0 + COUNTIF(AT15:AU15,"No aplica")*1) / 2 -> 0 | AW15: =AVERAGE(Q15,AC15,AS15,AV15) -> 0.23055556
C16: Facultad de Ingeniería, Diseño e Innovación | D16: Diseño | E16: Diseño Gráfico | F16: Híbrido | G16: Profesional | H16: 10 | I16: Medellín | J16: 107733 | K16: 2027-1 | L16: Sin Iniciar | M16: Sin Iniciar | N16: Sin Iniciar | O16: Sin Iniciar | P16: Sin Iniciar | Q16: =(COUNTIF(L16:P16,"Finalizado")*1 + COUNTIF(L16:P16,"En proceso")*0.5 + COUNTIF(L16:P16,"Sin Iniciar")*0 + COUNTIF(L16:P16,"No aplica")*1) / 5 -> 0 | R16: Sin Iniciar | S16: En proceso | T16: En proceso | U16: Sin Iniciar | V16: Sin Iniciar | W16: Sin Iniciar | X16: Sin Iniciar | Y16: Sin Iniciar | Z16: Modificación de Registro Calificado | AA16: En proceso | AB16: Sin Iniciar | AC16: =(COUNTIF(R16:AB16,"Finalizado")*1 + COUNTIF(R16:AB16,"En proceso")*0.5 + COUNTIF(R16:AB16,"Sin Iniciar")*0 + COUNTIF(R16:AB16,"No aplica")*1) / 9 -> 0.16666667 | AD16: Sin Iniciar | AE16: Sin Iniciar | AF16: Sin Iniciar | AG16: Sin Iniciar | AH16: Sin Iniciar | AI16: Sin Iniciar | AJ16: Sin Iniciar | AK16: Sin Iniciar | AL16: Sin Iniciar | AM16: Sin Iniciar | AN16: Sin Iniciar | AO16: Sin Iniciar | AP16: Sin Iniciar | AQ16: Sin Iniciar | AR16: Sin Iniciar | AS16: =(COUNTIF(AD16:AR16,"Finalizado")*1 + COUNTIF(AD16:AR16,"En proceso")*0.5 + COUNTIF(AD16:AR16,"Sin Iniciar")*0 + COUNTIF(AD16:AR16,"No aplica")*1) / 15 -> 0 | AT16: Sin Iniciar | AU16: Sin Iniciar | AV16: =(COUNTIF(AT16:AU16,"Finalizado")*1 + COUNTIF(AT16:AU16,"En proceso")*0.5 + COUNTIF(AT16:AU16,"Sin Iniciar")*0 + COUNTIF(AT16:AU16,"No aplica")*1) / 2 -> 0 | AW16: =AVERAGE(Q16,AC16,AS16,AV16) -> 0.041666667
C17: Facultad de Ingeniería, Diseño e Innovación | D17: Diseño | E17: Diseño Industrial | F17: Presencial | G17: Profesional | H17: 10 | I17: Bogotá | J17: 101525 | K17: 2027-1 | L17: Finalizado | M17: Sin Iniciar | N17: Sin Iniciar | O17: Sin Iniciar | P17: Sin Iniciar | Q17: =(COUNTIF(L17:P17,"Finalizado")*1 + COUNTIF(L17:P17,"En proceso")*0.5 + COUNTIF(L17:P17,"Sin Iniciar")*0 + COUNTIF(L17:P17,"No aplica")*1) / 5 -> 0.2 | R17: Finalizado | S17: Finalizado | T17: Finalizado | U17: No aplica | V17: Finalizado | W17: Finalizado | X17: Finalizado | Y17: Sin Iniciar | Z17: Modificación de Registro Calificado | AA17: En proceso | AB17: Sin Iniciar | AC17: =(COUNTIF(R17:AB17,"Finalizado")*1 + COUNTIF(R17:AB17,"En proceso")*0.5 + COUNTIF(R17:AB17,"Sin Iniciar")*0 + COUNTIF(R17:AB17,"No aplica")*1) / 9 -> 0.83333333 | AD17: No aplica | AE17: No aplica | AF17: No aplica | AG17: No aplica | AH17: Sin Iniciar | AI17: Sin Iniciar | AJ17: Sin Iniciar | AK17: Sin Iniciar | AL17: Sin Iniciar | AM17: Sin Iniciar | AN17: Sin Iniciar | AO17: Sin Iniciar | AP17: Sin Iniciar | AQ17: Sin Iniciar | AR17: Sin Iniciar | AS17: =(COUNTIF(AD17:AR17,"Finalizado")*1 + COUNTIF(AD17:AR17,"En proceso")*0.5 + COUNTIF(AD17:AR17,"Sin Iniciar")*0 + COUNTIF(AD17:AR17,"No aplica")*1) / 15 -> 0.26666667 | AT17: Sin Iniciar | AU17: Sin Iniciar | AV17: =(COUNTIF(AT17:AU17,"Finalizado")*1 + COUNTIF(AT17:AU17,"En proceso")*0.5 + COUNTIF(AT17:AU17,"Sin Iniciar")*0 + COUNTIF(AT17:AU17,"No aplica")*1) / 2 -> 0 | AW17: =AVERAGE(Q17,AC17,AS17,AV17) -> 0.325
C18: Facultad de Ingeniería, Diseño e Innovación | D18: Diseño | E18: Diseño Interactivo | F18: Presencial | G18: Profesional | H18: 10 | I18: Bogotá | J18: 111116 | K18: 2027-1 | L18: Finalizado | M18: Sin Iniciar | N18: No aplica | O18: Sin Iniciar | P18: Sin Iniciar | Q18: =(COUNTIF(L18:P18,"Finalizado")*1 + COUNTIF(L18:P18,"En proceso")*0.5 + COUNTIF(L18:P18,"Sin Iniciar")*0 + COUNTIF(L18:P18,"No aplica")*1) / 5 -> 0.4 | R18: Finalizado | S18: Finalizado | T18: Finalizado | U18: No aplica | V18: Finalizado | W18: Finalizado | X18: Finalizado | Y18: Sin Iniciar | Z18: Modificación de Registro Calificado | AA18: En proceso | AB18: Sin Iniciar | AC18: =(COUNTIF(R18:AB18,"Finalizado")*1 + COUNTIF(R18:AB18,"En proceso")*0.5 + COUNTIF(R18:AB18,"Sin Iniciar")*0 + COUNTIF(R18:AB18,"No aplica")*1) / 9 -> 0.83333333 | AD18: No aplica | AE18: No aplica | AF18: No aplica | AG18: No aplica | AH18: Sin Iniciar | AI18: Sin Iniciar | AJ18: Sin Iniciar | AK18: Sin Iniciar | AL18: No aplica | AM18: No aplica | AN18: No aplica | AO18: No aplica | AP18: No aplica | AQ18: No aplica | AR18: No aplica | AS18: =(COUNTIF(AD18:AR18,"Finalizado")*1 + COUNTIF(AD18:AR18,"En proceso")*0.5 + COUNTIF(AD18:AR18,"Sin Iniciar")*0 + COUNTIF(AD18:AR18,"No aplica")*1) / 15 -> 0.73333333 | AT18: Sin Iniciar | AU18: Sin Iniciar | AV18: =(COUNTIF(AT18:AU18,"Finalizado")*1 + COUNTIF(AT18:AU18,"En proceso")*0.5 + COUNTIF(AT18:AU18,"Sin Iniciar")*0 + COUNTIF(AT18:AU18,"No aplica")*1) / 2 -> 0 | AW18: =AVERAGE(Q18,AC18,AS18,AV18) -> 0.49166667
C19: Facultad de Ingeniería, Diseño e Innovación | D19: Optimización Infraestructura y Automatización | E19: Tecnología en Logística | F19: Virtual | G19: Tecnológico | H19: 10 | I19: Nacional | J19: 101388 | K19: 2027-1 | L19: Finalizado | M19: Finalizado | N19: En proceso | O19: Finalizado | P19: Sin Iniciar | Q19: =(COUNTIF(L19:P19,"Finalizado")*1 + COUNTIF(L19:P19,"En proceso")*0.5 + COUNTIF(L19:P19,"Sin Iniciar")*0 + COUNTIF(L19:P19,"No aplica")*1) / 5 -> 0.7 | R19: Finalizado | S19: Finalizado | T19: Finalizado | U19: Finalizado | V19: Finalizado | W19: Finalizado | X19: Finalizado | Y19: Sin Iniciar | Z19: Renovación de Registro Calificado | AA19: En proceso | AB19: Sin Iniciar | AC19: =(COUNTIF(R19:AB19,"Finalizado")*1 + COUNTIF(R19:AB19,"En proceso")*0.5 + COUNTIF(R19:AB19,"Sin Iniciar")*0 + COUNTIF(R19:AB19,"No aplica")*1) / 9 -> 0.83333333 | AD19: Finalizado | AE19: Finalizado | AF19: En proceso | AG19: Sin Iniciar | AH19: Sin Iniciar | AI19: Sin Iniciar | AJ19: Sin Iniciar | AK19: Sin Iniciar | AL19: Sin Iniciar | AM19: Sin Iniciar | AN19: Sin Iniciar | AO19: Sin Iniciar | AP19: Sin Iniciar | AQ19: Sin Iniciar | AR19: Sin Iniciar | AS19: =(COUNTIF(AD19:AR19,"Finalizado")*1 + COUNTIF(AD19:AR19,"En proceso")*0.5 + COUNTIF(AD19:AR19,"Sin Iniciar")*0 + COUNTIF(AD19:AR19,"No aplica")*1) / 15 -> 0.16666667 | AT19: Sin Iniciar | AU19: Sin Iniciar | AV19: =(COUNTIF(AT19:AU19,"Finalizado")*1 + COUNTIF(AT19:AU19,"En proceso")*0.5 + COUNTIF(AT19:AU19,"Sin Iniciar")*0 + COUNTIF(AT19:AU19,"No aplica")*1) / 2 -> 0 | AW19: =AVERAGE(Q19,AC19,AS19,AV19) -> 0.425
C20: Facultad de Ingeniería, Diseño e Innovación | D20: Diseño | E20: Diseño Gráfico | F20: Presencial | G20: Profesional | H20: 10 | I20: Bogotá | J20: 54534 | K20: 2027-1 | L20: Finalizado | M20: Sin Iniciar | N20: Sin Iniciar | O20: Sin Iniciar | P20: Sin Iniciar | Q20: =(COUNTIF(L20:P20,"Finalizado")*1 + COUNTIF(L20:P20,"En proceso")*0.5 + COUNTIF(L20:P20,"Sin Iniciar")*0 + COUNTIF(L20:P20,"No aplica")*1) / 5 -> 0.2 | R20: Finalizado | S20: Finalizado | T20: Finalizado | U20: No aplica | V20: Finalizado | W20: Finalizado | X20: Devuelto | Y20: Sin Iniciar | Z20: Modificación de Registro Calificado | AA20: En proceso | AB20: Sin Iniciar | AC20: =(COUNTIF(R20:AB20,"Finalizado")*1 + COUNTIF(R20:AB20,"En proceso")*0.5 + COUNTIF(R20:AB20,"Sin Iniciar")*0 + COUNTIF(R20:AB20,"No aplica")*1) / 9 -> 0.72222222 | AD20: No aplica | AE20: No aplica | AF20: No aplica | AG20: No aplica | AH20: Sin Iniciar | AI20: Sin Iniciar | AJ20: Sin Iniciar | AK20: Sin Iniciar | AL20: Sin Iniciar | AM20: Sin Iniciar | AN20: Sin Iniciar | AO20: Sin Iniciar | AP20: Sin Iniciar | AQ20: Sin Iniciar | AR20: Sin Iniciar | AS20: =(COUNTIF(AD20:AR20,"Finalizado")*1 + COUNTIF(AD20:AR20,"En proceso")*0.5 + COUNTIF(AD20:AR20,"Sin Iniciar")*0 + COUNTIF(AD20:AR20,"No aplica")*1) / 15 -> 0.26666667 | AT20: Sin Iniciar | AU20: Sin Iniciar | AV20: =(COUNTIF(AT20:AU20,"Finalizado")*1 + COUNTIF(AT20:AU20,"En proceso")*0.5 + COUNTIF(AT20:AU20,"Sin Iniciar")*0 + COUNTIF(AT20:AU20,"No aplica")*1) / 2 -> 0 | AW20: =AVERAGE(Q20,AC20,AS20,AV20) -> 0.29722222
C21: Facultad de Ingeniería, Diseño e Innovación | D21: Tecnologías de la Información y las Comunicaciones | E21: Ingeniería de Sistemas | F21: Presencial | G21: Profesional | H21: 10 | I21: Medellín | J21: 102743 | K21: 2027-1 | L21: Finalizado | M21: Sin Iniciar | N21: Sin Iniciar | O21: Sin Iniciar | P21: Sin Iniciar | Q21: =(COUNTIF(L21:P21,"Finalizado")*1 + COUNTIF(L21:P21,"En proceso")*0.5 + COUNTIF(L21:P21,"Sin Iniciar")*0 + COUNTIF(L21:P21,"No aplica")*1) / 5 -> 0.2 | R21: Finalizado | S21: Finalizado | T21: Finalizado | U21: No aplica | V21: Finalizado | W21: Finalizado | X21: Finalizado | Y21: Sin Iniciar | Z21: Modificación de Registro Calificado | AA21: En proceso | AB21: Sin Iniciar | AC21: =(COUNTIF(R21:AB21,"Finalizado")*1 + COUNTIF(R21:AB21,"En proceso")*0.5 + COUNTIF(R21:AB21,"Sin Iniciar")*0 + COUNTIF(R21:AB21,"No aplica")*1) / 9 -> 0.83333333 | AD21: No aplica | AE21: No aplica | AF21: No aplica | AG21: No aplica | AH21: Sin Iniciar | AI21: Sin Iniciar | AJ21: Sin Iniciar | AK21: Sin Iniciar | AL21: Sin Iniciar | AM21: Sin Iniciar | AN21: Sin Iniciar | AO21: Sin Iniciar | AP21: Sin Iniciar | AQ21: Sin Iniciar | AR21: Sin Iniciar | AS21: =(COUNTIF(AD21:AR21,"Finalizado")*1 + COUNTIF(AD21:AR21,"En proceso")*0.5 + COUNTIF(AD21:AR21,"Sin Iniciar")*0 + COUNTIF(AD21:AR21,"No aplica")*1) / 15 -> 0.26666667 | AT21: Sin Iniciar | AU21: Sin Iniciar | AV21: =(COUNTIF(AT21:AU21,"Finalizado")*1 + COUNTIF(AT21:AU21,"En proceso")*0.5 + COUNTIF(AT21:AU21,"Sin Iniciar")*0 + COUNTIF(AT21:AU21,"No aplica")*1) / 2 -> 0 | AW21: =AVERAGE(Q21,AC21,AS21,AV21) -> 0.325
C22: Facultad de Ingeniería, Diseño e Innovación | D22: Optimización Infraestructura y Automatización | E22: Ingeniería Industrial | F22: Presencial | G22: Profesional | H22: 10 | I22: Bogotá | J22: 10561 | K22: 2027-1 | L22: Finalizado | M22: Sin Iniciar | N22: Sin Iniciar | O22: Sin Iniciar | P22: Sin Iniciar | Q22: =(COUNTIF(L22:P22,"Finalizado")*1 + COUNTIF(L22:P22,"En proceso")*0.5 + COUNTIF(L22:P22,"Sin Iniciar")*0 + COUNTIF(L22:P22,"No aplica")*1) / 5 -> 0.2 | R22: Finalizado | S22: Finalizado | T22: Finalizado | U22: No aplica | V22: Finalizado | W22: Finalizado | X22: Devuelto | Y22: Sin Iniciar | Z22: Modificación de Registro Calificado | AA22: En proceso | AB22: Sin Iniciar | AC22: =(COUNTIF(R22:AB22,"Finalizado")*1 + COUNTIF(R22:AB22,"En proceso")*0.5 + COUNTIF(R22:AB22,"Sin Iniciar")*0 + COUNTIF(R22:AB22,"No aplica")*1) / 9 -> 0.72222222 | AD22: No aplica | AE22: No aplica | AF22: No aplica | AG22: No aplica | AH22: Sin Iniciar | AI22: Sin Iniciar | AJ22: Sin Iniciar | AK22: Sin Iniciar | AL22: Sin Iniciar | AM22: Sin Iniciar | AN22: Sin Iniciar | AO22: Sin Iniciar | AP22: Sin Iniciar | AQ22: Sin Iniciar | AR22: Sin Iniciar | AS22: =(COUNTIF(AD22:AR22,"Finalizado")*1 + COUNTIF(AD22:AR22,"En proceso")*0.5 + COUNTIF(AD22:AR22,"Sin Iniciar")*0 + COUNTIF(AD22:AR22,"No aplica")*1) / 15 -> 0.26666667 | AT22: Sin Iniciar | AU22: Sin Iniciar | AV22: =(COUNTIF(AT22:AU22,"Finalizado")*1 + COUNTIF(AT22:AU22,"En proceso")*0.5 + COUNTIF(AT22:AU22,"Sin Iniciar")*0 + COUNTIF(AT22:AU22,"No aplica")*1) / 2 -> 0 | AW22: =AVERAGE(Q22,AC22,AS22,AV22) -> 0.29722222
C23: Facultad de Ingeniería, Diseño e Innovación | D23: Optimización Infraestructura y Automatización | E23: Ingeniería Industrial | F23: Presencial | G23: Profesional | H23: 10 | I23: Medellín | J23: 102473 | K23: 2027-1 | L23: Finalizado | M23: Sin Iniciar | N23: Sin Iniciar | O23: Sin Iniciar | P23: Sin Iniciar | Q23: =(COUNTIF(L23:P23,"Finalizado")*1 + COUNTIF(L23:P23,"En proceso")*0.5 + COUNTIF(L23:P23,"Sin Iniciar")*0 + COUNTIF(L23:P23,"No aplica")*1) / 5 -> 0.2 | R23: Finalizado | S23: Finalizado | T23: Finalizado | U23: No aplica | V23: Finalizado | W23: Finalizado | X23: Devuelto | Y23: Sin Iniciar | Z23: Renovación de Registro Calificado | AA23: Finalizado | AB23: Sin Iniciar | AC23: =(COUNTIF(R23:AB23,"Finalizado")*1 + COUNTIF(R23:AB23,"En proceso")*0.5 + COUNTIF(R23:AB23,"Sin Iniciar")*0 + COUNTIF(R23:AB23,"No aplica")*1) / 9 -> 0.77777778 | AD23: No aplica | AE23: No aplica | AF23: No aplica | AG23: No aplica | AH23: Sin Iniciar | AI23: Sin Iniciar | AJ23: Sin Iniciar | AK23: Sin Iniciar | AL23: Sin Iniciar | AM23: Sin Iniciar | AN23: Sin Iniciar | AO23: Sin Iniciar | AP23: Sin Iniciar | AQ23: Sin Iniciar | AR23: Sin Iniciar | AS23: =(COUNTIF(AD23:AR23,"Finalizado")*1 + COUNTIF(AD23:AR23,"En proceso")*0.5 + COUNTIF(AD23:AR23,"Sin Iniciar")*0 + COUNTIF(AD23:AR23,"No aplica")*1) / 15 -> 0.26666667 | AT23: Sin Iniciar | AU23: Sin Iniciar | AV23: =(COUNTIF(AT23:AU23,"Finalizado")*1 + COUNTIF(AT23:AU23,"En proceso")*0.5 + COUNTIF(AT23:AU23,"Sin Iniciar")*0 + COUNTIF(AT23:AU23,"No aplica")*1) / 2 -> 0 | AW23: =AVERAGE(Q23,AC23,AS23,AV23) -> 0.31111111
... C59: Facultad de Ingeniería, Diseño e Innovación | D59: Optimización Infraestructura y Automatización | E59: Especialización en Logística y Gestión de la Cadena de Abastecimiento | F59: Presencial | G59: Especialización | H59: 10 | I59: Bogotá | J59: 101288 | K59: 2027-2 | L59: Finalizado | M59: Sin Iniciar | N59: Sin Iniciar | O59: Sin Iniciar | P59: Sin Iniciar | Q59: =(COUNTIF(L59:P59,"Finalizado")*1 + COUNTIF(L59:P59,"En proceso")*0.5 + COUNTIF(L59:P59,"Sin Iniciar")*0 + COUNTIF(L59:P59,"No aplica")*1) / 5 -> 0.2 | R59: Finalizado | S59: Finalizado | T59: Finalizado | U59: No aplica | V59: Entregado por aseguramiento | W59: Finalizado | X59: Finalizado | Y59: Sin Iniciar | Z59: Renovación de Registro Calificado | AA59: En proceso | AB59: Sin Iniciar | AC59: =(COUNTIF(R59:AB59,"Finalizado")*1 + COUNTIF(R59:AB59,"En proceso")*0.5 + COUNTIF(R59:AB59,"Sin Iniciar")*0 + COUNTIF(R59:AB59,"No aplica")*1) / 9 -> 0.72222222 | AD59: No aplica | AE59: No aplica | AF59: No aplica | AG59: No aplica | AH59: Sin Iniciar | AI59: Finalizado | AJ59: En proceso | AK59: Sin Iniciar | AL59: No aplica | AM59: No aplica | AN59: No aplica | AO59: No aplica | AP59: No aplica | AQ59: No aplica | AR59: No aplica | AS59: =(COUNTIF(AD59:AR59,"Finalizado")*1 + COUNTIF(AD59:AR59,"En proceso")*0.5 + COUNTIF(AD59:AR59,"Sin Iniciar")*0 + COUNTIF(AD59:AR59,"No aplica")*1) / 15 -> 0.83333333 | AT59: Sin Iniciar | AU59: Sin Iniciar | AV59: =(COUNTIF(AT59:AU59,"Finalizado")*1 + COUNTIF(AT59:AU59,"En proceso")*0.5 + COUNTIF(AT59:AU59,"Sin Iniciar")*0 + COUNTIF(AT59:AU59,"No aplica")*1) / 2 -> 0 | AW59: =AVERAGE(Q59,AC59,AS59,AV59) -> 0.43888889
C60: Facultad de Negocios, Gestión y Sostenibilidad | D60: Contabilidad y Finanzas Globales | E60: Especialización en Gerencia Tributaria | F60: Presencial | G60: Especialización | H60: 10 | I60: Bogotá | J60: 91502 | K60: Ya está en oferta | L60: Finalizado | M60: Sin Iniciar | N60: No aplica | O60: Sin Iniciar | P60: Sin Iniciar | Q60: =(COUNTIF(L60:P60,"Finalizado")*1 + COUNTIF(L60:P60,"En proceso")*0.5 + COUNTIF(L60:P60,"Sin Iniciar")*0 + COUNTIF(L60:P60,"No aplica")*1) / 5 -> 0.4 | R60: Finalizado | S60: Finalizado | T60: Finalizado | U60: No aplica | V60: Entregado por aseguramiento | W60: Sin Iniciar | X60: Sin Iniciar | Y60: Sin Iniciar | Z60: Renovación de Registro Calificado | AA60: Finalizado | AB60: Sin Iniciar | AC60: =(COUNTIF(R60:AB60,"Finalizado")*1 + COUNTIF(R60:AB60,"En proceso")*0.5 + COUNTIF(R60:AB60,"Sin Iniciar")*0 + COUNTIF(R60:AB60,"No aplica")*1) / 9 -> 0.55555556 | AD60: No aplica | AE60: No aplica | AF60: No aplica | AG60: No aplica | AH60: Sin Iniciar | AJ60: Sin Iniciar | AK60: Sin Iniciar | AL60: No aplica | AM60: No aplica | AN60: No aplica | AO60: No aplica | AP60: No aplica | AQ60: No aplica | AR60: No aplica | AS60: =(COUNTIF(AD60:AR60,"Finalizado")*1 + COUNTIF(AD60:AR60,"En proceso")*0.5 + COUNTIF(AD60:AR60,"Sin Iniciar")*0 + COUNTIF(AD60:AR60,"No aplica")*1) / 15 -> 0.73333333 | AT60: Finalizado | AU60: No aplica | AV60: =(COUNTIF(AT60:AU60,"Finalizado")*1 + COUNTIF(AT60:AU60,"En proceso")*0.5 + COUNTIF(AT60:AU60,"Sin Iniciar")*0 + COUNTIF(AT60:AU60,"No aplica")*1) / 2 -> 1 | AW60: =AVERAGE(Q60,AC60,AS60,AV60) -> 0.67222222
C61: Facultad de Negocios, Gestión y Sostenibilidad | D61: Negocios y Desarrollo Internacional | E61: Administración Hotelera y Gastronómica | F61: Presencial | G61: Profesional | H61: 10 | I61: Bogotá | J61: 107852 | K61: 2027-2 | L61: Finalizado | M61: Sin Iniciar | N61: Sin Iniciar | O61: Sin Iniciar | P61: Sin Iniciar | Q61: =(COUNTIF(L61:P61,"Finalizado")*1 + COUNTIF(L61:P61,"En proceso")*0.5 + COUNTIF(L61:P61,"Sin Iniciar")*0 + COUNTIF(L61:P61,"No aplica")*1) / 5 -> 0.2 | R61: Finalizado | S61: Finalizado | T61: Finalizado | U61: No aplica | V61: Entregado por aseguramiento | W61: Sin Iniciar | X61: Sin Iniciar | Y61: Sin Iniciar | Z61: Renovación de Registro Calificado | AA61: En proceso | AB61: Sin Iniciar | AC61: =(COUNTIF(R61:AB61,"Finalizado")*1 + COUNTIF(R61:AB61,"En proceso")*0.5 + COUNTIF(R61:AB61,"Sin Iniciar")*0 + COUNTIF(R61:AB61,"No aplica")*1) / 9 -> 0.5 | AD61: No aplica | AE61: No aplica | AF61: No aplica | AG61: No aplica | AH61: Sin Iniciar | AI61: Sin Iniciar | AJ61: Sin Iniciar | AK61: Sin Iniciar | AL61: No aplica | AM61: No aplica | AN61: No aplica | AO61: No aplica | AP61: No aplica | AQ61: No aplica | AR61: No aplica | AS61: =(COUNTIF(AD61:AR61,"Finalizado")*1 + COUNTIF(AD61:AR61,"En proceso")*0.5 + COUNTIF(AD61:AR61,"Sin Iniciar")*0 + COUNTIF(AD61:AR61,"No aplica")*1) / 15 -> 0.73333333 | AT61: Sin Iniciar | AU61: Sin Iniciar | AV61: =(COUNTIF(AT61:AU61,"Finalizado")*1 + COUNTIF(AT61:AU61,"En proceso")*0.5 + COUNTIF(AT61:AU61,"Sin Iniciar")*0 + COUNTIF(AT61:AU61,"No aplica")*1) / 2 -> 0 | AW61: =AVERAGE(Q61,AC61,AS61,AV61) -> 0.35833333
C62: Facultad de Negocios, Gestión y Sostenibilidad | D62: Negocios y Desarrollo Internacional | E62: Negocios Internacionales | F62: Presencial | G62: Profesional | H62: 10 | I62: Medellín | J62: 102630 | K62: 2027-1 | L62: Finalizado | M62: Sin Iniciar | N62: Sin Iniciar | O62: Sin Iniciar | P62: Sin Iniciar | Q62: =(COUNTIF(L62:P62,"Finalizado")*1 + COUNTIF(L62:P62,"En proceso")*0.5 + COUNTIF(L62:P62,"Sin Iniciar")*0 + COUNTIF(L62:P62,"No aplica")*1) / 5 -> 0.2 | R62: Finalizado | S62: Finalizado | T62: Finalizado | U62: No aplica | V62: Finalizado | W62: Sin Iniciar | X62: Sin Iniciar | Y62: Sin Iniciar | Z62: Renovación de Registro Calificado | AA62: En proceso | AB62: Sin Iniciar | AC62: =(COUNTIF(R62:AB62,"Finalizado")*1 + COUNTIF(R62:AB62,"En proceso")*0.5 + COUNTIF(R62:AB62,"Sin Iniciar")*0 + COUNTIF(R62:AB62,"No aplica")*1) / 9 -> 0.61111111 | AD62: No aplica | AE62: No aplica | AF62: No aplica | AG62: No aplica | AH62: Sin Iniciar | AI62: Sin Iniciar | AJ62: Sin Iniciar | AK62: Sin Iniciar | AL62: Sin Iniciar | AM62: Sin Iniciar | AN62: Sin Iniciar | AO62: Sin Iniciar | AP62: Sin Iniciar | AQ62: Sin Iniciar | AR62: Sin Iniciar | AS62: =(COUNTIF(AD62:AR62,"Finalizado")*1 + COUNTIF(AD62:AR62,"En proceso")*0.5 + COUNTIF(AD62:AR62,"Sin Iniciar")*0 + COUNTIF(AD62:AR62,"No aplica")*1) / 15 -> 0.26666667 | AT62: Sin Iniciar | AU62: Sin Iniciar | AV62: =(COUNTIF(AT62:AU62,"Finalizado")*1 + COUNTIF(AT62:AU62,"En proceso")*0.5 + COUNTIF(AT62:AU62,"Sin Iniciar")*0 + COUNTIF(AT62:AU62,"No aplica")*1) / 2 -> 0 | AW62: =AVERAGE(Q62,AC62,AS62,AV62) -> 0.26944444
C63: Facultad de Sociedad, Cultura y Creatividad | D63: Comunicación, Artes Visuales y Digitales | E63: Comunicación Social | F63: Virtual | G63: Profesional | H63: 10 | I63: Nacional | J63: 109274 | K63: 2027-2 | L63: Finalizado | M63: Sin Iniciar | N63: Sin Iniciar | O63: Sin Iniciar | P63: Sin Iniciar | Q63: =(COUNTIF(L63:P63,"Finalizado")*1 + COUNTIF(L63:P63,"En proceso")*0.5 + COUNTIF(L63:P63,"Sin Iniciar")*0 + COUNTIF(L63:P63,"No aplica")*1) / 5 -> 0.2 | R63: Finalizado | S63: Finalizado | T63: Finalizado | U63: Finalizado | V63: Finalizado | W63: Finalizado | X63: Finalizado | Y63: Sin Iniciar | Z63: Renovación de Registro Calificado | AA63: En proceso | AB63: Sin Iniciar | AC63: =(COUNTIF(R63:AB63,"Finalizado")*1 + COUNTIF(R63:AB63,"En proceso")*0.5 + COUNTIF(R63:AB63,"Sin Iniciar")*0 + COUNTIF(R63:AB63,"No aplica")*1) / 9 -> 0.83333333 | AD63: Sin Iniciar | AE63: Sin Iniciar | AF63: Sin Iniciar | AG63: Sin Iniciar | AH63: Sin Iniciar | AI63: Sin Iniciar | AJ63: Sin Iniciar | AK63: Sin Iniciar | AL63: No aplica | AM63: No aplica | AN63: No aplica | AO63: No aplica | AP63: No aplica | AQ63: No aplica | AR63: No aplica | AS63: =(COUNTIF(AD63:AR63,"Finalizado")*1 + COUNTIF(AD63:AR63,"En proceso")*0.5 + COUNTIF(AD63:AR63,"Sin Iniciar")*0 + COUNTIF(AD63:AR63,"No aplica")*1) / 15 -> 0.46666667 | AT63: Sin Iniciar | AU63: Sin Iniciar | AV63: =(COUNTIF(AT63:AU63,"Finalizado")*1 + COUNTIF(AT63:AU63,"En proceso")*0.5 + COUNTIF(AT63:AU63,"Sin Iniciar")*0 + COUNTIF(AT63:AU63,"No aplica")*1) / 2 -> 0 | AW63: =AVERAGE(Q63,AC63,AS63,AV63) -> 0.375
C64: Facultad de Sociedad, Cultura y Creatividad | D64: Derecho y Gobierno | E64: Maestría en Contratación Estatal | F64: Presencial | G64: Maestría | H64: 10 | I64: Bogotá | J64: 111589 | K64: Ya está en oferta | L64: Finalizado | M64: Sin Iniciar | N64: No aplica | O64: Sin Iniciar | P64: Sin Iniciar | Q64: =(COUNTIF(L64:P64,"Finalizado")*1 + COUNTIF(L64:P64,"En proceso")*0.5 + COUNTIF(L64:P64,"Sin Iniciar")*0 + COUNTIF(L64:P64,"No aplica")*1) / 5 -> 0.4 | R64: Finalizado | S64: Finalizado | T64: Finalizado | U64: No aplica | V64: Finalizado | W64: Finalizado | X64: Finalizado | Y64: Sin Iniciar | Z64: Modificación de Registro Calificado | AA64: En proceso | AB64: Sin Iniciar | AC64: =(COUNTIF(R64:AB64,"Finalizado")*1 + COUNTIF(R64:AB64,"En proceso")*0.5 + COUNTIF(R64:AB64,"Sin Iniciar")*0 + COUNTIF(R64:AB64,"No aplica")*1) / 9 -> 0.83333333 | AD64: No aplica | AE64: No aplica | AF64: No aplica | AG64: No aplica | AH64: Sin Iniciar | AI64: Finalizado | AJ64: Sin Iniciar | AK64: Sin Iniciar | AL64: No aplica | AM64: No aplica | AN64: No aplica | AO64: No aplica | AP64: No aplica | AQ64: No aplica | AR64: No aplica | AS64: =(COUNTIF(AD64:AR64,"Finalizado")*1 + COUNTIF(AD64:AR64,"En proceso")*0.5 + COUNTIF(AD64:AR64,"Sin Iniciar")*0 + COUNTIF(AD64:AR64,"No aplica")*1) / 15 -> 0.8 | AT64: Finalizado | AU64: No aplica | AV64: =(COUNTIF(AT64:AU64,"Finalizado")*1 + COUNTIF(AT64:AU64,"En proceso")*0.5 + COUNTIF(AT64:AU64,"Sin Iniciar")*0 + COUNTIF(AT64:AU64,"No aplica")*1) / 2 -> 1 | AW64: =AVERAGE(Q64,AC64,AS64,AV64) -> 0.75833333
C65: Facultad de Sociedad, Cultura y Creatividad | D65: Educación e Innovación | E65: Licenciatura en Ciencias Sociales | F65: Virtual | G65: Profesional | H65: 10 | I65: Nacional | J65: 101660 | K65: 2027-1 | L65: Finalizado | M65: Finalizado | N65: En proceso | O65: Finalizado | P65: Sin Iniciar | Q65: =(COUNTIF(L65:P65,"Finalizado")*1 + COUNTIF(L65:P65,"En proceso")*0.5 + COUNTIF(L65:P65,"Sin Iniciar")*0 + COUNTIF(L65:P65,"No aplica")*1) / 5 -> 0.7 | R65: Finalizado | S65: Finalizado | T65: Finalizado | U65: Finalizado | V65: Finalizado | W65: Finalizado | X65: Finalizado | Y65: Sin Iniciar | Z65: Renovación de Registro Calificado | AA65: En proceso | AB65: Sin Iniciar | AC65: =(COUNTIF(R65:AB65,"Finalizado")*1 + COUNTIF(R65:AB65,"En proceso")*0.5 + COUNTIF(R65:AB65,"Sin Iniciar")*0 + COUNTIF(R65:AB65,"No aplica")*1) / 9 -> 0.83333333 | AD65: Finalizado | AE65: Finalizado | AF65: En proceso | AG65: Sin Iniciar | AH65: Sin Iniciar | AI65: Finalizado | AJ65: Finalizado | AK65: En proceso | AL65: En proceso | AM65: En proceso | AN65: En proceso | AO65: En proceso | AP65: Sin Iniciar | AQ65: Sin Iniciar | AR65: Sin Iniciar | AS65: =(COUNTIF(AD65:AR65,"Finalizado")*1 + COUNTIF(AD65:AR65,"En proceso")*0.5 + COUNTIF(AD65:AR65,"Sin Iniciar")*0 + COUNTIF(AD65:AR65,"No aplica")*1) / 15 -> 0.46666667 | AT65: Sin Iniciar | AU65: Sin Iniciar | AV65: =(COUNTIF(AT65:AU65,"Finalizado")*1 + COUNTIF(AT65:AU65,"En proceso")*0.5 + COUNTIF(AT65:AU65,"Sin Iniciar")*0 + COUNTIF(AT65:AU65,"No aplica")*1) / 2 -> 0 | AW65: =AVERAGE(Q65,AC65,AS65,AV65) -> 0.5
C66: Facultad de Sociedad, Cultura y Creatividad | D66: Estudios en Psicología, Talento Humano y Sociedad | E66: Maestría en Gerencia del Talento Humano | F66: Virtual | G66: Maestría | H66: 10 | I66: Nacional | J66: 110642 | K66: Ya está en oferta | L66: Finalizado | M66: Finalizado | N66: No aplica | O66: Finalizado | P66: Sin Iniciar | Q66: =(COUNTIF(L66:P66,"Finalizado")*1 + COUNTIF(L66:P66,"En proceso")*0.5 + COUNTIF(L66:P66,"Sin Iniciar")*0 + COUNTIF(L66:P66,"No aplica")*1) / 5 -> 0.8 | R66: Finalizado | S66: Finalizado | T66: Finalizado | U66: Finalizado | V66: Finalizado | W66: Finalizado | X66: Finalizado | Y66: Sin Iniciar | Z66: No aplica | AA66: En proceso | AB66: Sin Iniciar | AC66: =(COUNTIF(R66:AB66,"Finalizado")*1 + COUNTIF(R66:AB66,"En proceso")*0.5 + COUNTIF(R66:AB66,"Sin Iniciar")*0 + COUNTIF(R66:AB66,"No aplica")*1) / 9 -> 0.94444444 | AD66: Finalizado | AE66: Finalizado | AF66: En proceso | AG66: En proceso | AH66: Sin Iniciar | AI66: Finalizado | AJ66: Sin Iniciar | AK66: Sin Iniciar | AL66: No aplica | AM66: No aplica | AN66: No aplica | AO66: No aplica | AP66: No aplica | AQ66: No aplica | AR66: No aplica | AS66: =(COUNTIF(AD66:AR66,"Finalizado")*1 + COUNTIF(AD66:AR66,"En proceso")*0.5 + COUNTIF(AD66:AR66,"Sin Iniciar")*0 + COUNTIF(AD66:AR66,"No aplica")*1) / 15 -> 0.73333333 | AT66: Finalizado | AU66: No aplica | AV66: =(COUNTIF(AT66:AU66,"Finalizado")*1 + COUNTIF(AT66:AU66,"En proceso")*0.5 + COUNTIF(AT66:AU66,"Sin Iniciar")*0 + COUNTIF(AT66:AU66,"No aplica")*1) / 2 -> 1 | AW66: =AVERAGE(Q66,AC66,AS66,AV66) -> 0.86944444
C67: Facultad de Negocios, Gestión y Sostenibilidad | D67: Contabilidad y Finanzas Globales | E67: Especialización en Gerencia de Finanzas | F67: Presencial | G67: Especialización | H67: 10 | I67: Bogotá | J67: 3208 | K67: Ya está en oferta | L67: Sin Iniciar | M67: Sin Iniciar | N67: No aplica | O67: Sin Iniciar | P67: Sin Iniciar | Q67: =(COUNTIF(L67:P67,"Finalizado")*1 + COUNTIF(L67:P67,"En proceso")*0.5 + COUNTIF(L67:P67,"Sin Iniciar")*0 + COUNTIF(L67:P67,"No aplica")*1) / 5 -> 0.2 | R67: Sin Iniciar | S67: En proceso | T67: En proceso | U67: No aplica | V67: Finalizado | W67: Sin Iniciar | X67: Sin Iniciar | Y67: Sin Iniciar | Z67: Modificación de Registro Calificado | AA67: En proceso | AB67: Sin Iniciar | AC67: =(COUNTIF(R67:AB67,"Finalizado")*1 + COUNTIF(R67:AB67,"En proceso")*0.5 + COUNTIF(R67:AB67,"Sin Iniciar")*0 + COUNTIF(R67:AB67,"No aplica")*1) / 9 -> 0.38888889 | AD67: No aplica | AE67: No aplica | AF67: No aplica | AG67: No aplica | AH67: Sin Iniciar | AI67: Sin Iniciar | AJ67: Sin Iniciar | AK67: Sin Iniciar | AL67: No aplica | AM67: No aplica | AN67: No aplica | AO67: No aplica | AP67: No aplica | AQ67: No aplica | AR67: No aplica | AS67: =(COUNTIF(AD67:AR67,"Finalizado")*1 + COUNTIF(AD67:AR67,"En proceso")*0.5 + COUNTIF(AD67:AR67,"Sin Iniciar")*0 + COUNTIF(AD67:AR67,"No aplica")*1) / 15 -> 0.73333333 | AT67: Sin Iniciar | AU67: Sin Iniciar | AV67: =(COUNTIF(AT67:AU67,"Finalizado")*1 + COUNTIF(AT67:AU67,"En proceso")*0.5 + COUNTIF(AT67:AU67,"Sin Iniciar")*0 + COUNTIF(AT67:AU67,"No aplica")*1) / 2 -> 0 | AW67: =AVERAGE(Q67,AC67,AS67,AV67) -> 0.33055556
C68: Facultad de Sociedad, Cultura y Creatividad | D68: Derecho y Gobierno | E68: Especialización en Contratación Estatal y Negocios Jurídicos de la Administración | F68: Presencial | G68: Especialización | H68: 10 | I68: Bogotá | J68: 103681 | K68: 2027-2 | L68: Sin Iniciar | M68: Sin Iniciar | N68: Sin Iniciar | O68: Sin Iniciar | P68: Sin Iniciar | Q68: =(COUNTIF(L68:P68,"Finalizado")*1 + COUNTIF(L68:P68,"En proceso")*0.5 + COUNTIF(L68:P68,"Sin Iniciar")*0 + COUNTIF(L68:P68,"No aplica")*1) / 5 -> 0 | R68: Sin Iniciar | S68: En proceso | T68: En proceso | U68: No aplica | V68: Entregado por aseguramiento | W68: Finalizado | X68: Finalizado | Y68: Sin Iniciar | Z68: Modificación de Registro Calificado | AA68: En proceso | AB68: Sin Iniciar | AC68: =(COUNTIF(R68:AB68,"Finalizado")*1 + COUNTIF(R68:AB68,"En proceso")*0.5 + COUNTIF(R68:AB68,"Sin Iniciar")*0 + COUNTIF(R68:AB68,"No aplica")*1) / 9 -> 0.5 | AD68: No aplica | AE68: No aplica | AF68: No aplica | AG68: No aplica | AH68: Sin Iniciar | AI68: Finalizado | AJ68: Sin Iniciar | AK68: Sin Iniciar | AL68: No aplica | AM68: No aplica | AN68: No aplica | AO68: No aplica | AP68: No aplica | AQ68: No aplica | AR68: No aplica | AS68: =(COUNTIF(AD68:AR68,"Finalizado")*1 + COUNTIF(AD68:AR68,"En proceso")*0.5 + COUNTIF(AD68:AR68,"Sin Iniciar")*0 + COUNTIF(AD68:AR68,"No aplica")*1) / 15 -> 0.8 | AT68: Sin Iniciar | AU68: Sin Iniciar | AV68: =(COUNTIF(AT68:AU68,"Finalizado")*1 + COUNTIF(AT68:AU68,"En proceso")*0.5 + COUNTIF(AT68:AU68,"Sin Iniciar")*0 + COUNTIF(AT68:AU68,"No aplica")*1) / 2 -> 0 | AW68: =AVERAGE(Q68,AC68,AS68,AV68) -> 0.325
C69: Facultad de Sociedad, Cultura y Creatividad | D69: Marketing y Branding | E69: Especialización en Gerencia de Mercadeo | F69: Presencial | G69: Especialización | H69: 10 | I69: Bogotá | J69: 3207 | K69: 2027-1 | L69: Sin Iniciar | M69: Sin Iniciar | N69: No aplica | O69: Sin Iniciar | P69: Sin Iniciar | Q69: =(COUNTIF(L69:P69,"Finalizado")*1 + COUNTIF(L69:P69,"En proceso")*0.5 + COUNTIF(L69:P69,"Sin Iniciar")*0 + COUNTIF(L69:P69,"No aplica")*1) / 5 -> 0.2 | R69: Sin Iniciar | S69: Sin Iniciar | T69: Sin Iniciar | V69: Entregado por aseguramiento | W69: Entregado por aseguramiento | X69: Devuelto | Y69: Sin Iniciar | Z69: Modificación de Registro Calificado | AA69: En proceso | AB69: Sin Iniciar | AC69: =(COUNTIF(R69:AB69,"Finalizado")*1 + COUNTIF(R69:AB69,"En proceso")*0.5 + COUNTIF(R69:AB69,"Sin Iniciar")*0 + COUNTIF(R69:AB69,"No aplica")*1) / 9 -> 0.055555556 | AD69: No aplica | AE69: No aplica | AF69: No aplica | AG69: No aplica | AH69: Sin Iniciar | AI69: Sin Iniciar | AJ69: Sin Iniciar | AK69: Sin Iniciar | AL69: No aplica | AM69: No aplica | AN69: No aplica | AO69: No aplica | AP69: No aplica | AQ69: No aplica | AR69: No aplica | AS69: =(COUNTIF(AD69:AR69,"Finalizado")*1 + COUNTIF(AD69:AR69,"En proceso")*0.5 + COUNTIF(AD69:AR69,"Sin Iniciar")*0 + COUNTIF(AD69:AR69,"No aplica")*1) / 15 -> 0.73333333 | AT69: Sin Iniciar | AU69: Sin Iniciar | AV69: =(COUNTIF(AT69:AU69,"Finalizado")*1 + COUNTIF(AT69:AU69,"En proceso")*0.5 + COUNTIF(AT69:AU69,"Sin Iniciar")*0 + COUNTIF(AT69:AU69,"No aplica")*1) / 2 -> 0 | AW69: =AVERAGE(Q69,AC69,AS69,AV69) -> 0.24722222
